id_compratore,azienda,indirizzo,cap,citta,stato,fax,telefono,piva,italiano,tipo_pagamento,iva
3,"3 B LATTE DI BERTONI FLORINDO & C SNC","VIA COLOGNO 10","24053","BRIGNANO GERA D'ADDA (BG)",,"0363817034","0363814581","IT01670860160",1,,
6,"CENTRALE DEL LATTE DI BRESCIA SPA","VIA LAMARMORA 189","25124","BRESCIA",,,"0302440300","IT03341930174",1,,
7,"MAINA PANETTONI SPA","VIA BRA (TAGLIATA), 109","12045","FOSSANO (CN)",,"39 0172 640 200","39 0172 640 111","IT00758040042",1,,
8,"FORESTI SPA","VIA BRESCIA 7","25023","GOTTOLENGO (BS)",,"0309517574","0309517241","IT00632970984",1,,
9,"CENTRO LATTE SAVONA SRL","C.SO A. RICCI 42/B","17000","SAVONA",,"0198811259","019800837","IT00098680093",1,,
10,"STELLA BIANCA SPA","VIA PRIVATA SANTA ROSA 5","26816","OSSAGO LODIDIANO (LO)",,"037187037","037187781","IT01633850159",1,,
12,"DE PAOLI LUIGI & FIGLI S.R.L.","VIA TRIESTE, 4/C","36050","BOLZANO VICENTINO (VC)",,"0444.351080","0444351088","IT00118170240",1,,
14,"LAZZARONI & C. SPA","C.SO EUROPA 9","20020","LAINATE (MI)",,,"39 029394721","IT02476770124",1,,
15,"DE BRANDT DAIRY INTERNATIONAL","HOOGVELD 89","9200","DENDERMONDE BE",,"003252223739","0032522247799","BE0400282475",0,,
19,"DECO INDUSTRIE S.C.P.A.","VIA CADUTI DEL LAVORO, 2","48012","BAGNACAVALLO (RA)",,"0545 935600","0545 935511","IT00069540391",1,,
20,"CAFFARELL SPA","VIA GIOSUE' GIANAVELLO, 41","10062","LUSERNA SAN GIOVANNI (TO)",,,"0121 900641","IT00524250016",1,,
21,"CASEARIA MONTI TRENTINI SPA","ZONA INDUSTRIALE 1","38055","GRIGNO VALSUGANA (TN)",,"0461/775899","0461/775800","01091580223",1,,
23,"VALGRANA SPA","VIA MORETTA 7","12030","SCARNAFIGI (CN)",,"0175274785","0175274784",,1,,
24,"LATTERIE CARSICHE SPA","VIA TRIESTE 19","34070","VILLESSE (GO)",,"0481 91410","0481 91105","00055190326",1,,
25,"COOPERLAT SOC. COOP AGRICOLA","VIA PIANDELMEDICO, 74","60035","JESI (AN)",,"0731.205455","0731.2381","00807560420",1,,
26,"CONSORZIO AGRARIO PARMA - PRODUTTORI RIUNITI","STRADA DEI MERCATI 17",,"PARMA",,,,"00163810344",1,,
27,"BRESCIALAT","VIA CASTELLANA, 1/A","25032","CHIARI",,,,"02092970983",1,,
28,"DE PAOLI L. & F. SPA","VIA TRIESTE, 4/C","36050","BOLZANO VICENTINO (VI)",,,,"00118170240",1,,
29,"PARMAREGGIO SPA","Via Polonia, 30/33","41122","MODENA",,"059450441","059414711","01299680353",1,,
30,"CASEIFICIO SPADI ENZO","Via della Tana, 29/33","58036","ROCCASTRADA",,"0564 563053","0564 565069","00213450539",1,,
31,"DE ANGELIS SRL","Via Taschini, 11 Loc. Borghetto","01033","CIVITA CASTELLANA (VT)",,,,"01817240565",1,,
34,"RUGGER SPA","Via Tetti Giro, 7","10026","SANTENA (TO)",,,,"00520220013",1,,
36,"BUSTAFFA EMILIO E FIGLI SPA","Piazzale giacobbe Bustaffa, 1","46031","BAGNOLO SAN VITO (MN)",,,,"00466940202",1,,
38,"CAMEO","Via Ugo La Malfa 60","25015","DESENZANO DEL GARDA (BS)",,,,"00638480988",1,,
39,"PREALPI spa Industria Casearia","Viale Borri, 80","21100","VARESE",,,,"IT 00222060121",1,,
40,"LA TORINESE SPA","VIA VICENZA, 13","10144","TORINO",,"0114731109","011484484","02090590015",1,,
41,"FALLINI FORMAGGI SRL","Via Verdi, 16","42043","Gattatico (RE)",," +39 0522 90.87.83","+39 0522 90.88.24/5","IT00840780340",1,,
43,"FABBRI 1905 SPA","V. Emilia Ponente, 276","40132","Bologna",,,"0516173111","IT00281980375",1,,
44,"HANSA MILCH AG","Meiereiweg 1","23936","UPHAL",,,,"DE232094894",0,,
46,"FRANCIA MOZZARELLA GMBH","Volkmarstr. 9-11","D-12099","Berlino",,"+49  30 70178572","+49  30 7017366","DE811847047",0,,
48,"G. CITTERIO SPA","Via Damenti 16B","43035","Poggio di S. Ilario-Felino (PR)",,,"0521 830215","05931440159",1,,
50,"VALGRANA SPA","Via Moretta, 7","12030","Scarnafigi (CN)",,"39 0175272099","39 0175272000","02103050049",1,,
51,"LAMERI SPA","Via D.F. Cattaneo, 28/30","26020","San Bassano (CR)",,"0372454248","0372454249","00054080197",1,,
52,"NOVISSIME SRL","Via Cavecchia, 75","47020","Cesena (FC)",,"054759360","054758166","02034070397",1,,
54,"STEN SPA","Viale Rimembranze 21/7","20020","Lainate(MI)",,"0293571568","0293571568","IT09067020157",1,,
55,"I GRANI DI PAM SRL","c/ da sbrandello","87040","Mongrassano Scalo",,"0984524649","0984524840","02577360783",1,,
56,"LEBLOND SOCOBEUR","6 Rue de Paris B;P 40006","95380","Louvres",,"01 34 72 31 30","01 34 68 72 23","FR20722045143",0,,
60,"ICAM SPA","Via Pescatori, 53","23900","Lecco",,,,"00205080138",1,,
61,"ARS FOOD SRL","Via Bernardino Telesio, 12","20145","Milano",,,,"05160010482",1,,
62,"PADANIA ALIMENTI SRL","Via Fermi 79 S/S Castelnuovese","26041","CASALMAGGIORE (CR)",,,,"IT 00838140192",1,,
64,"FATTORIE SAN LORENZO SRL","Viale San Lorenzo 40","46020","Pegognaga",,,,"01964450207",1,,
65,"PROLAT SRL","Via Puccini № 6/8","80029","80029 - Sant'Antimo (NA)",,,,"01339761213",1,,
66,"GOLFERA IN LAVEZZOLA SPA","Via dell'Industria 6/8","48017","Lavezzola  (RA)",,,,"00699130399",1,,
67,"BIRAGHI SPA","Via Cuneo 1","12030","Cavallermaggiore",,,,"00486510043",1,,
68,"STERILGARDA ALIMENTI SPA","Via Medole, 52","46043","CASTIGLIONE DELLE STIVIERE (MN)",,,,"01515590204",1,,
69,"MOBE SPA","Rotonda dei Millle, 1","24122","Bergamo",,,,,1,,
71,"RIGONI DI ASIAGO SRL","Via Oberdan 28","36012","ASIAGO",,,,"03722320243",1,,
72,"DAL COLLE SPA","Via Stra', 13","37030","COLOGNOLA AI COLLI",,,,"01291520235",1,,
73,"BELLENTANI SPA","VIA DELL'AGRICOLTURA","41058","VIGNOLA",,,,"IT 01464330362",1,,
75,"MORGAN S.P.A.","Via E.Mattei, 1","56020","MONOPOLI VAL D'ARNO (PI)",,,,"05526840961",1,,
76,"CAMPO DEI FIORI SRL","via Cesare Battisti,80","21020","DAVERIO (VA)",,,,"02929410120",1,,
77,"BRAZZALE SPA","via PASUBIO, 2","36010","ZANE' (vi)",,,,"00160480240",1,,
78,"GRA-COM SRL","VIA EMILIA EST 90/A","41013","CASTELFRANCO EMILIA (MO)",,,,"IT01313570366",1,,
79,"FIASCONARO SRL","p.zza Margherita, 10","90013","CASTELBUONO (PA)",,,,"IT03648920829",1,,
80,"SALUMIFICIO PEDRAZZOLI SPA","Via San Giovanni, 16","46020","SAN GIOVANNI DEL DOSSO (MN)",,,,"01592090201",1,,
81,"IDEALCOTTI DEI FRATELLI LUPPI SRL","Via Sala Baganza Loc. Filagni, 6","43044","COLLECCHIO (PR)",,,,"01601380353",1,,
82,"GUSTI ITALIANI SRL A SOCIO UNICO","VIA IV NOVEMBRE , 115","28060","VICOLUNGO (NO)",,,,"07629810966",1,,
84,"OLFOOD SRL","via E.Fermi, 11","25022","Borgo San Giacomo (BS)",,,,"02946260987",1,,
85,"GALLONI THOMAS E ANDREAS OHG","MAX VALIER,42","39012","MERANO",,,,"IT01417360219",1,,
86,"ZARPELLON SPA","via S.G.B. De La Salle","36060","ROMANO D'EZZELINO (VI)",,,,"IT 00193200268",1,,
87,"METZGEREI JOSEF HUBER","PASS THURN STRASSE , 3B","6372","OBERNDORF-AUSTRIA",,,,"ATU31930006",0,,
88,"BRIANZA SALUMI DI VISMARA LUIGI & C SRL","VIA DON MINZONI 21","23844","SIRONE (LECCO)",,,,"00721890135",1,,
89,"MILK & CO SRL IMPORT EXPORT","VIA GALILEO GALILEI, 43","80029","S.ANTIMO (NA)",,,,"IT06977251211",1,,
98,,,,,,,,,0,,
99,"GRUPPO CASEARIO MERIDIONALE S.R.L.","VIA E. DE FILIPPO, 12","80048","NAPOLI",,,"0815306844",,1,,
700,"Maino SRL","Sant'Edigio del Monte Albino (SA) via Francesco","84010","84010 Ferrajoli",,,,"06201400659",1,,
313,"Caseificio Val D’Apsa & C. snc","Via Ca’ Bergamo, 1","61029","Urbino",,,,"00356880419",1,,
314,"Caseificio Val d’Aveto","Via Rezzoaglio Inferiore, 35","16048","Rezzoaglio (GE)",,,,,1,,
316,"Latini Adriano & C. S.n.c.","Via Brescia 51/A","24064","Grumello del Monte (BG)",,,,"00922390166",1,,
317,"Caseificio Ruggero Villa","Via dei Dossi, 39",,"Fara gera d'Adda",,,,,1,,
318,"CASEIFICIO DEL CIGNO S.P.A.","Via Merlo, 1","20122","Milano (MI)",,,,"04552490155",1,,
321,"Formaggi Boccea S.r.l.","Via Locana, 97","00166","Roma",,,,"01829791001",1,,
322,"CASEIFICIO DI SORANO","Localita' La Fratta","54","Sorano",,,,"01269450530",1,,
325,"EUROLINKS","Via Edoardo Martini",,"Roma",,,,,1,,
326,"Casearia Altopiano di Asiago SpA","Via F. Baracca N° 14","36012","ASIAGO (VI)",,,,"03342480245",1,,
327,"Montrone S.p.A.","Via Corato 391/411","76123","Andria (BT)",,,,"03726100724",1,,
328,"CASEIFICIO MENEGAZZI","Contrada Bernardi, 12","37020","ERBEZZO (VR)",,,,,1,,
329,"MIKA SRL","Via Barletta, 235/237","76123","ANDRIA (BT)",,,,,1,,
331,"Caseificio Germani srl","Via delle Vigne N. 2","22020","Faloppio (Como)",,,,,1,,
332,"DANONE SPA","VIA ALSERIO 10","20159","MILANO",,,,,1,,
333,"Ariete Fattoria Latte Sano S.p.A.","Via della Muratella, 165","00148","Ponte Galeria",,,,,1,,
334,"LAITA","4, Rue Henri BECQUEREL ZI de Kergaradec","29806","BREST cedex 09",,,,,0,,
335,"Caseificio Nuti Nedo","V. Aurelia Sud, 10","57023","Cecina (LI)",,,,,1,,
336,"AZIENDA AGRICOLA BERTINELLI","Via Costa Garibalda 25","43014","Medesano (PR)",,,,"02139550343",1,,
337,"Società Cooperativa Agrocasearia","Via Rho, 90","20020","Lainate (MI)",,,,"IT 01872170129",1,,
338,"Ruggero Paolo Gagliardi",,,,,,,,1,,
339,"COOPERATIVA AGRICOLA LA GIUNCHIGLIA","Piazza Indipendenza, 3","43124","PARMA",,,,,1,,
341,"La Genzianella Latteria Cooperativa","Largo Calvi, 9",,"Padola di Comelico",,,,,1,,
345,"Alvo Innocenti",,,,,,,,1,,
346,"Puratos Italia S.p.a.","Via Lumière Fratelli, 37/A","43122","Parma (PR)",,,,"00346560493",1,,
347,"Guido Boaglio",,,,,,,,1,,
348,"Gianpaolo Rizzi",,,,,,,,1,,
349,"Caseificio Tonon","Via Alessandrini, 77","31059","Zero Branco (TV)",,,,,1,,
350,"LEVICKÉ MLIEKÁRNE a.s","Júrska cesta č. 2","934 01","Levice",,,,,0,,
351,"AGRICOOP FAGGIOLA - s.a.c.","LOCALITA' QUADALTO 57/b","50035","PALAZZUOLO SUL SENIO (FI)",,,,"00428630487",1,,
352,"LATTERIA SORESINA SCA","Via Dei Mille, 13/17"," 26015","Soresina (CR)",,,,"00108110198",1,,
353,"Milchwerke Schwaben eG","Zinglerstr.38","89077","Ulm / Donau",,,,,0,,
319,"Fattorie Osella S.p.A","Vicolo Sant Abbondio, 6","12030","Caramagna piemonte",,,,"01790040040",1,,
355,"Cooperativa ""I Tesori della Terra""","via Cian 16",,"Cervasca (CN)",,,,"02814420044",1,,
356,"AZIENDA AGRICOLA PALA","VIA CA RIO 7/A","61030","TAVOLETO",,,,,1,,
357,"ERNST & CO.","HINTERBERGSTRASSE, 26","6330","CHAM, SVIZZERA",,,,"CHE 102357488",0,,
358,"LATTERIE VENETE spa"," V. Bassanese 2","31050","Vedelago (TV)",,,,,1,,
361,"NUOVA CASTELLI SPA","VIA T.GALIMBERTI, 4","42100","REGGIO EMILIA",,,,"IT01357320355",1,,
362,"ITALATTE SPA","VIA FLAVIO GIOIA, 8","20149","MILANO, ITALY",,,,"12414020151",1,,
363,"Alimentare Italiana S.r.l.","Via Terza Armata n.187",,"Gorizia (GO)",,,,"01144780317",1,,
364,"FUMAGALLI INDUSTRIA ALIMENTARI SPA","V.BRIANTEA, 18","22038","TAVERNERIO (CO)",,,,"00223750134",1,,
365,"SCHREIBER FOODS EUROPE GMBH","Im Unteren Feld 18","D-88239","Wangen",,"+49 7522 9166-10","+49 7522 9166-46",,0,,
366,"ALIMENTARIA MOLISANA SRL Z.I.","Via A. Vespucci","86020","CAMPOCHIARO (CB)",,"0874775030","0874775094","01475730709",1,,
368,"FRIESLAND CAMPINA ITALY","V.PARACELSO, 18","20864","AGRATE BRIANZA (MB)",,,,"07338171007",1,,
371,"Numidia BV","Boven de Wolfskuil 3-D28","6049","LX Roermond",,"+31 475744099","+31 475711367",,0,,
376,"VAL FORM di BERNARDI PAOLO & C.","Via S. Sebastiano, 6","12030","Martiniana Po ( Cuneo )",,,,"02293780041",1,,
377," Fattorie Gennargentu S.r.l"," Via pacifico 79","08023"," Fonni (NU)",,"+39 0784 589463","+39 0784 58017"," 00914590914",1,,
381,"CASEIFICIO AGRILAT","Via S. Nicola Varco - Strada Statale 18","84025","Eboli (SA)",,,,,1,,
384,"Venchi S.p.A.","Via Venchi, 1","12040","Castelletto Stura (Cuneo)",,,,"IT05744670968",1,,
385,"Pasticceria Quadrifoglio","Via dell'Industria, 43","41013","Piumazzo di Castelfranco Emilia (MO)",,,,"00825960362",1,,
386,"Giuntoli Edo","Via N. Garbuio","54038","Montignoso (MS)",,,,"00131380453",1,,
387,"Le Conserve della Nonna","Via Confine n.1583","41017","Ravarino (MO)",,,,"02993980362",1,,
388,"Novarese Zuccheri","Via Circonvallazione 1","28060","Casalbeltrame (NO)",,,,"00581 770039",1,,
389,"NUOVA UNIBREAD s.r.l.","Via Terracini 6","42021","Barco di Bibbiano RE",,,,"01577930355",1,,
391,"Antaar&s SPA","Via Aldo Moro, 3","27051","Cava Manara (PV)",,,,,1,,
344,"Frascheri S.p.A.","Via Cesare Battisti, 29","17057","BARDINETO",,,,"00771300092",1,,
392,"ERU Hungária Sajtgyártó Kft."," Nagytétényi út 13,17.","H-1222","Budapest,",,,"+36 (1) 2266733104",,0,,
393,"Arthemia Srl","Via Galilei, 14","20090","Segrate (Mi)",,,,"06989070963",1,,
395,"I.N.C.A.P. S.R.L.","V.le della Navigazione Interna, 21","35129","PADOVA",,,,"03474210287",1,,
396,"CADÍ S.C.C.Ltda","Sant Ermengol, 37","25700","La Seu d'Urgell (Lleida)",,,,,0,,
397,"Hochland SE","Kemptener Straße 17","88178","Heimenkirch",,,,,0,,
400,"SOSTER SRL","Via della Roverella, 1","36050","Monteviale (VI)",,"+39 0444 950088","+39 0444 950052","IT02882900240",1,,
405,"FORGRANA CORRADINI SPA","VIA 200 BIOLCHE ,6 FRAZ. S.ROCCO","42016","GUASTALLA (RE)",,,"0522 833818","00141480350",1,,
406,"FOOD AGENCY","2 Str VEAKI  .TK","42100","TRIKALA -GREECE",,"+302431026706","+302431026706",,0,,
407,"Zappalà S.p.a.","Via Ardichetto","95019","Zafferana Etnea (CT)",,"+39 095 7085340","+39 095 7085111","04749990877",1,,
412,"Società Cooperativa Val d'Orcia Società Agricola","Strada dell'Orcia","53040","Contignano-Radicofani (SI)",,,,"00054490529",1,,
413,"Caseificio De Juliis Enio & Figli srl","Via G.G.Mendel n° 151","00134","Roma",,"+39 1782207362","+39 06 7139146",,1,,
416,"COLLA SPA","VIA SANT'ANNA, 10","29010","CADEO (PC)",,"+39 0523 501450","+39 0523 501411","00348560335",1,,
417,"FATTORIE MARCHIGIANE CONS.COOP.SOCIETA' AGRICOLA","VIA CERBARA,81","61030","Montemaggiore al Metauro(PU)",,,,"00433920410",1,,
418,"PLAC","Via Ostiano, 70","26043","Persico Dosimo (CR)",,"+39 0372 455660","+39 0372 455646","00114170194",1,,
420,"LATTERIA MONTELLO S.p.A.","Via Fante d’Italia, 26","31040","Giavera del Montello (TV)",,"+39 0422 775090","+39 0422 8833","IT 00283970267",1,,
421,"PERLA SNC"," Via Martiri delle Foibe, 11","12038"," Savigliano (CN) ·",,"+39 0172 713884","+39 0172 21724","02476330044",1,,
423,"ALIMENTA SRL","Via Galassi 2","09131","Cagliari (CA)",,"+39 070 505157","+39 070 505355","02225700927",1,,
83,"PAVONCELLI E. & FIGLI SPA","VIA VALPOLICELLA, 51","37026","PESCANTINA (VR)",,,,"00209600238",1,,
102,"LATTERIA MONTANARI DI ANDREA MARIZZA","VIA AQUILEIA, 2","34070","VILLESSE (GO)",,"048191049","048191024","00414150318",1,,
103,"AGRI PIACENZA LATTE","VIA COLOMBO, 35","29100","PIACENZA",,"0523607375","0523610171","01382310330",1,,
104,"CASEIFICIO ALBIERO SRL","VIA PONTE COCCO, 10","36050","MONTORSO VIC.NO (VI)",,"0444484015","0444685451","01622550240",1,,
106,"CASEARIA BRESCIANA CA.BRE","LOC. CABRE, 10","25028","CADIGNANO DI VEROLANUOVA (BS)",,,"03093651","00570010983",1,,
109,"CASEIFICIO PREZIOSA SRL","VIA CASSINONE, 32","24068","SERIATE (BG)",,"035303897","035303884","01751430164",1,,
112,"TRENTINALATTE SPA","VIA DELL'ADIGE VECCHIO, 15","38030","ROVERE DELLA LUNA (TN)",,,"0461 658211","00939670220",1,,
114,"MASMAL DAIRY SP Z.O.O.","8 MAGAZYNOWA ST.","86300","GRUDZIADZ",,"+48564501650","+48564501622","8762444308",0,,
115,"EMILIO MAURI SPA","VIA PROVINCIALE, 11","23818","PASTURO (LC)",,"0341955701","0341955700","00229170139",1,,
116,"ARRIGONI BATTISTA SPA","Via Treviglio, 940","24040","PAGAZZANO (BG)",,,,"IT00221680168",1,,
123,"CONSORZIO EXPORT 3-P.IT","STRADA VIOLA CAMATTE, 6","46020","PEGOGNANA (MN)",,"0376558770","0376559539","01936420205",1,,
125,"TENUTA LA PROVANINA SS","C.SO TORINO, 31","10086","ARGENTERA (TO)",,"0124308019","0124308019",,1,,
127,"LATTERIE FRIULANE","VIA P. ZORUTTI, 98","33030","CAMPOFORMIDO (UD)",,,,"00164830309",1,,
131,,,,,,,,,1,,
132,"GILBER SRL","VIA CAVAGNOLO, 18","10156","TORINO",,,"0112621387","06540990014",1,,
133,"ARAB DAIRY","15 ABD EL-HAMID BADAWI STREET, HELIOPOLIS","1519","ELIOPOLI (EGITTO)",,"2026241884","2026241883",,0,,
157,"DOLCIARIA A.LOISON SRL","SS PASUBIO, 6","36030","COSTABISSARA (VI)",,"0444557869","0444557869","02259320246",1,,
159,"MO.CA SPA","VIA MODENA, 22","47853","CORIANO (RN)",,"0541657900","0541657874","IT00387080401",1,,
160,"NUOVA INDUSTRIA BISCOTTI CRICH SPA","VIA ALCIDE DE GASPERI, 11","31050","ZENSON DI PIAVE (TV)",,,"0421344203","03371280268",1,,
163,"PRODOTTI STELLA SPA","VIA 4 NOVEMBRE, 12","36077","ALTAVILLA V.NA VI",,"0444370828","0444333600","02619740240",1,,
164,"RISO SCOTTI SPA","VIA ANGELO SCOTTI, 2","27100","PAVIA",,"0382577265","03825081","05078040150",1,,
165,"SAMMONTANA SPA","VIA TOSCO ROMAGNOLA, 56","50053","EMPOLI (FI)",,,,"03957900487",1,,
166,"SEMIGEL SPA","VIA DELL'ARTIGIANATO, 28/30","36043","CAMISANO VICENTINO",,"0444611770","0444610443","00263180242",1,,
167,"UNIGEL SPA","VIA TORINO, 24","24040","CISERANO (BG)",,"035883020","035883154","00231800160",1,,
168,"VENDIN","CALLE COTO DE DONANA, 15","28320","PINTO (MADRID)",,"+34916919145","+34916919104",,0,,
169,"UNILEVER ITALY HOLDINGS SRL","VIA UGO BASSI, 2","20159","MILANO",,,,"04542210960",1,,
171,"QUALITY FOOD GROUP SPA- Società Benefit","VIA SPILIMEBERGO, 221","33035","MARTIGNACCO (UD)",,"0432677152","0432638811","IT02425460306",1,,
172,"NESTLE' ITALIANA","V.LE GIULIO RICHARD, 5","20143","MILANO",,,"0281811","00777280157",1,,
174,,"VIA DELLA LIBERAZIONE, 1","20098","SAN GIULIANO MILANESE (MI)",,"0298281027","02982941","06488870152",1,,
175,"ELLEDI SPA","VIA ROMA, 24","35015","GALLIERA VENETA (PD)",,"0499470126","0499475511",,1,,
177,"GISAL DELIZIE",,,,,,,,0,,
178,"POLABSKE MLEKARNY A.S.","DR. KRYSPINA, 510","29016","PODEBRADY",,"325600753","325600750",,0,,
179,"SABELLI SPA","ZONA IND.LE BASSO MARINO","63100","ASCOLI PICENO",,"0736227077","073630671","01343410443",1,,
181,"LA BOULANGERE","10, Rue Olivier de Serres","85503","Les Herbieres Cedex",,,,,0,,
183,"BETARA SL","PL. ESGLESIA, 8","08589","PARAFITA",,"+34938530054","+34 938530055",,0,,
184,"CASEIFICIO LE FABBRIE",,"52022","LAGO DI S.CIPRIANO",,"055961097","055961097",,1,,
185,"BIODOLCEBIO","VIALE ANGELICO, 1/A","00192","ROMA",,"063724688","063724688",,1,,
187,"AGRANA STAERKE GMBH","Conrathstrasse, 7","3950","Gmuend",,"+43 2852503719202","+43 285250319202","ATU58198337",0,,
190,"LOXER S.A.R.L.","RUE DU TENAU","98000","MONACO",,"+37797778548","+37797778547",,0,,
191,"EUROGEL SRL","VIA LEONARDO DA VINCI, 10","20016","PERO (MI)",,"023390974","0238100444","06606230156",1,,
193,"TONIOLO CASEARIA S.P.A.","VIA MOLINETTO 47/49","31030","BORSO DEL GRAPPA (TV)",,"0423 910063","0423 910266","01217950268",1,,
194,"HENRI WILLING","VENUS 16-18","8448","HEERENVEEN",,"+31 0513484361","+31 0513484367",,0,,
195,"NUOVA FATTORIE GIRAU SRL","STRADA NUOVA DI COLORETO, 15/B","43100","PARMA",,"0521 240663","0521 240700",,1,,
197,"CASEIFICIO CENTRO FORM SRL","CONTRADA VANELLE","94010","AIDONE (EN)",,"0935 87834","0935 88113",,1,,
199,"AZIENDA ZOOTECNICA TOSA SNC","C.DA SAN GIOVANNI, 1","85030","S.PAOLO ALBANESE (PZ)",,"0973 94914","3471532487","00996710760",1,,
200,"CASEIFICIO ELDA SRL","VIA SIVIERI, 1","37030","VESTENANOVA (VR)",,"045 6564007","045 6564024","02722920283",1,,
202,"CASEIFICIO SOCIALE LA GINESTRA SRL","VIA S.MARGHERITA","43036","FIDENZA (PR)",,,"052463107",,1,,
203,"CASEIFICIO MAREMMA","VIA DEL COMMERCIO, 103","58022","FOLLONICA (GR)",,"0566 57222","0566 51349",,1,,
205,"THIESILAT SRL","REGIONE POSSILVA","07047","THIESI (SS)",,"079886260","079885031",,1,,
206,"R. BRUNELLI SPA","VIA DELLA STAZIONE DI PRIMA PORTA, 20","00118","ROMA",,"06 33613659","06 33610144",,1,,
209,"LATTERIA AMIATINA SRL","VIA DELLA FONTANA, 35","58031","STRIBUGLIANO (GR)",,"0564 962062","0564 962044",,1,,
212,"CASEIFICIO ANTICO CASALE SRL","SS 131 KM 41","09025","SANLURI (VS)",,"0709370648","0709370648",,1,,
214,"COOPERATIVA ALLEVATORI OVINI SOC.COOP. AGRICOLA","VIA S.SATTA, 3","09080","SIMANNA (OR)",,"0783 301511","0783 301831","00052920956",1,,
215,"INCAS SRL INDUSTRIA CASEARIA SARDA","PZA S. SEBASTIANO","07014","OZIERI",,"0079786635","0079787693",,1,,
217,"NUOVA SARDA INDUSTRIA CASEARIA SRL","LOCALITA SA CODINA, STRADA NATO SN","09097","S.NICOLO D'ARCIDANO (OR)",,"070 976513","070 976513","00637610957",1,,
219,"FORMAGGI PEROLARI","VIA DON A. ANDREOLETTI, 4","24060","VILLONGO (BG)",,"035 925752","035 926366",,1,,
220,"SALCIS SAS DI MORBIDI A & C",,,"MONTERIGGIONI (SIENA)",,,"0577306724",,1,,
224,"HIJOS DE SALVADOR RODRIGUEZ S.A.","CTRA. MOZAR, KM 1","49620","SANTA CRISTINA DE LA POLVOROSA (ZAMORA)",,"+34 980631992","+34 980631907",,0,,
221,"AMALTEA SRL","VIA GIACOMO PUCCINI","20010","CANEGRATE (MI)",,"0331 1839745","0331 421781","05767530966",1,,
229,"CASEIFICIO PIER LUIGI ROSSO SRL","VIA SERRALUNGA, 11",,"BIELLA (BI)",,"015 2563600","015 6108887","01667940025",1,,
231,"PASCUCCI TORREFAZIONE SPA","VIA CIRCONVALLAZIONE 16/A",,"MONTECERIGNONE (PU)",,"0541 978698","0541 978524",,1,,
233,"IL FORNAIO DEL CASALE SPA","VIA MICHELANGELO BUONARROTI, 31","31032","CASALE SUL SILE (TV)",,,,"02107660264",1,,
234,"MEC3- OPTIMA SRL","VIA GAGGIO, 72","47832","SAN CLEMENTE (RM)",,"0541 859412","0541 859411","01622060406",1,,
235,"N.F FOOD SRL","VIA BOSCO 99/A","420019","BOSCO DI SCANDIANO (RE)",,"0522 330259","0522 330259",,1,,
242,"FRATELLI TEDESCO & C. SNC","VIA CAMPIA, 37","84012","ANGRI (SA)",,"081 5132864","081 948551","03330410659",1,,
248,"DIPRAL SRL","VIALE DELL'INDUSTRIA, 2","72021","FRANCAVILLA FONTANA (BR)",,"0831 810852","0831 810857",,1,,
249,"GROUPE SILL",,,,,,,,0,,
251,"EUROFORMAGGI e C.SPA","VIA G.FERRARIS, 2","37067","VALEGGIO SUL MINCIO (VR)",,"045 6370264","045 6370255","IT02008790236",1,,
259,"BISCOTTIFICIO GRONDONA SPA","Via Campomorone, 48","16164","Genova (GE)",,"010 7856518","010 785901","02258670104",1,,
260,"PAN DUCALE","Viale Risorgimento, 1/bis","64032","Atri (TE)",,"085 879666","085 87774","01594850677",1,,
223,"AZIENDA AGRICOLA LE GALOSE DI ALIMBERTI FULVIA","STRADA FRANCESCA KM.13","24055","COLOGNO AL SERIO (BG)",,"035890655","035890655","01520410166",1,,
264,"IL VECCHIO FORNO ARTIGIANO SRL","Via Oltre Agno, 7","36070","Brogliano (VI)",,"0445 941218","0445 941588","01810890242",1,,
269,"DOLCE MANIERA SRL","Via Barletta, 27","00192","Roma",,"06 3701697","06 37517518",,1,,
271,"Industria Dolciaria VALENTINO s.r.l.","Zona industriale Pantaniello","86090","Pettoranello del Molise (IS)",,"0865 460299","0865 460294",,1,,
272,,,,,,,,,1,,
274,"AGRAL S.A.","1 Rue de Brabant Wallon","6180","Courcelles (BE)",,"0032 071 460142","0032 071 451461",,0,,
275,"LEBLOND SOCOBEUR","6, Rue de Paris- BP 40006","95380","Louvres",,"0134723130","0134687223",,0,,
280,"WIDRISS SA","27 Gorgopotamou, Nea Filothei Amarousiou","15123","ATHENS",,"+30210 68 29 821","+30210 68 29 824",,0,,
283,"TRENTINGRANA","Via Bregenz, 18","38100","Trento",,,,"00107950222",1,,
287,"RICCARDO LORENZI SRL","VIA L.EINAUDI , 298","35030","VO' (PADOVA)",,,,"00996410288",1,,
289,"TERRA-PURA-TIERNHARUNG E.K.","Queichheimer Hauptstrasse,87","D-76829","LANDAU",,,,"DE 190538147",0,,
292,"INTERFOOD BV","LANGE TREKKEN, 42","NL-553","PZ BLADEL",,,,"NL006776917B01",0,,
293,"BURRIFICIO LA GOCCIA BIANCA SRL","V.VILLANI, 3° TRAVERSA NR.16","80051","AGEROLA (NA)",,,,"01430421212",1,,
296,"INTERFOOD POLSKA SP.ZO.O","UL.MADALINSKIEGO 20 1/C",,,,,,,0,,
297,"INTERFOOD POLSKA SP.ZO.O","UL.MADALINSKIEGO 20 1/C","02513","WARSZAWA, POLONIA",,,,"5262385104",0,,
298,"PRIMAVALLE FORMAGGI DI GOVERNI AMPELIO SRL","Via Corradino d'Ascanio 15-17 Loc.Campo Morino","01021","ACQUAPENDENTE (VT)",,,,"01729080562",1,,
304,"TRE ERRE DEI FRATELLI RABAGLIA","VIA XX SETTEMBRE , 12","29121","PIACENZA",,,,"IT 01254650334",1,,
305,"Cascina San Cassiano S.p.a","Corso Piave 182 - Località San Cassiano 4","12051","ALBA (CN)",,,,"02657120040",1,,
307,"LATTERIA SOCIALE VALTELLINA s.c.a.","S.S.STELVIO,139","23014","DELEBIO (SO)",,,,"00071150148",1,,
309,"DANTE GIUMANINI",,,,,,,,1,,
426,"BROOKS MC ROBBIE","43 ST.JOHN STREET","EC1M4LX","LONDON EC1M4LX",,,,"GB 365654428",0,,
433,"ANDROMEDA SRL","via Dante Alighieri,13","86170","ISERNIA (IS)",,,,"00901090944",1,,
436,"Italia Alimentari S.p.A","via Europa 14","43011","Busseto PR",,,,"IT 01797570205",1,,
438,"INDUSTRIA ALIMENTARE LATTE PUCCIO SRL","VIA MONSIGNOR SIINO ,54","90040","CAPACI (PA)",,,,"06210710825",1,,
440,"LATTERIA SOCIALE MANTOVA SOC. AGR. COOP.","VIA F.LLI KENNEDY 48","46047","S. ANTONIO DI PORTO MANTOVANO (MN)",,"0376-396250","0376-390808","00156130205",1,,
444,"ZOOTECNICA DEL PRATOMAGNO SOC. COOP.","VIA DI BICCIANO 29/A","52010","TALLA – AR",,,,"00305060519",1,,
445,"MEWAN FOOD & MORE GmbH","Beusselstr. 44 nq","D- 10553","Berlino",,,"+39 377 772 53 46","DE 285762231",0,,
446,"SALUMIFICIO   VALPOLICELLA   SPA","V.CASA ROSSA, 5","37029","SAN PIETRO IN CARIANO (VR)",,,,"00571640234",1,1,2
225,"GALLI SRL","VIA VERDI, 10","43010","PIEVEOTTOVILLE (PR)",,"0524 95123","0524 95123","00348820341",1,,
447,"CASEIFICIO MOLISE SRL","Zona Industriale","86093","Carpinone (IS)",,"+39 0865 93890"," +39 0865 93895",,1,1,2
449,"LEONE S.r.l.","Via Pasubio, 9","37069","Villafranca di Verona",,"+39 045 6304725","+39 045 6301908","IT03970700237",1,1,2
450,"FOOD FOR ALL di Tonello Mario &C.snc","via  G.GALILEI  6,8","37026","Settimo di Pescantina (VR)",,,,"02261330233",1,,
452,"FRACCARO SPUMADORO SPA","VIA CIRCONVALLAZIONE OVEST, 25/27","31033","CASTELFRANCO VENETO (TV)",,,,"01162650269",1,,
454,"CASEIFICIO FOLLONICA SRL","via del Fonditore, 541","58022","FOLLONICA  (Grosseto)",,,,"00858950538",1,,
455,"AZIENDA AGRICOLA MASSIMO COIZET","via per Cuccaro, 36","15043","FUBINE (Al)",,,,"13406010150",1,,2
456,"Reginella d'Abruzzo srl","Via Aroto, 1","67039","Sulmona L'Aquila",,"+39.0864.56579","+39.0864.33419",,1,1,2
457,"SUDTIROLER SPECK  SRL","via Zagglermoos, 5","39054","SOPRABOLZANO (BZ)",,,,"00231550211",1,,
458,"Pasticceria Josephmary S.r.l.","Via Provinciale 19/a","24040","Lallio Bg",,"035203521","035203081","0287 3690164",1,,2
459,"RUVIOLI SRL","VIA FEROLDI, 23","25026","PONTEVICO (BS), ITALY",,,,"02081870988",1,,
460,"XCHANCE GMBH&CO KG","Baumschulenallee 20-22","30625"," HANNOVER",,"+49  511 52950040","+49  511 52950020","DE275586715",1,3,
461,"F.lli PANIZZI s.a.s di Panizzi Marcello & C","Via Circonvallazione 41","11013","COURMAYEUR(AO)",,,"0165 843041","IT 00558060075",1,1,
463,"G.POZZOLI 1875 SRL","VIA CARDUCCI, 12","20123","MILANO, ITALY",,,,"09835660151",1,,
464,"ELI PROSCIUTTI SPA","VIA PER PARMA, 73","43029","TRAVERSETOLO (PR)",,,,"02403740349",1,,
465,"Caseificio Valchero di E. Cernuschi & C. S.r.l.","Tagliata di Antognano, 4 - Rustigazzo","29018","Lugagnano Val d’Arda, Piacenza",,"+39 0523 809414","+39 0523 807101","01516100334",1,3,
466,"LATTERIE SICILIANE S.r.l.","Via Chiaramonte 1",,"Caltanissetta",,,,"04775880877.",1,3,
468,"GALLI SRL","VIA VERDI 10","43010","PIEVEOTTOVILLE (PR)",,,"0524-95412","IT00348820341",1,,
470,"DULCIOLIVA  SRL","V.F.LLI ROSSELLI, 63","12011","Borgo San Dalmazzo-CN",,,,"02147010041",1,,
473,"DOLCIARIA  CASA  SNC di C.CASA & C.","via per Casale, 28","10038","VEROLENGO, Torino",,,,"02257360012",1,,
474,"VALLE DEI TRULLI SRL CENTRO RACCOLTA LATTE","C.da Figazzano, 145","72014","CISTERNINO, Br",,,,"02282160734",1,,
135,"BARRY CALLEBAUT ITALIA","VIA MILANO FIORI STRADA 1. PALAZZO E/2","20090","ASSAGO (MI)",,"02 57 51 45 51","02 57 51 44 87 102",,1,,
136,"BARRY CALLEBAUT SWITZERLAND","PFINGSTWEIDSTRASSE 60","8005","ZUERICH (CH)",,"+41 432040400","+41 432040404",,0,,
137,"FORMEC BIFFI SPA","VIA BRERA, 16","20121","MILANO",,,,"06530940151",1,,
138,"BISTEFANI GRUPPO DOLCIARIO SPA","VIA OLIVIERO CAPELLO, 22","15033","CASALE MONFERRATO (AL)",,,"02935121","00872060066",1,,
140,"COLUSSI SPA","VIA G.SPADOLINI, 5","20141","MILANO",,"0284784439","02847841","00163800543",1,,
142,"DOLCIARIA LUIGIA E C. SNC DI BAIOCCHI NATALE","VIA RAVENNA, 231","47814","BELLARIA (RM)",,"0541340688","0541346074","02138050402",1,,
143,"DOLCIARIA VAL D'ENZA","VIA DEL CONCHELLO, 43","42026","CIANO D'ENZA, CANOSSA (RE)",,"0522872168","0522872306","01428610354",1,,
144,"ELENKA SPA","VIA PARTANNA MONDELLO, 44","90147","PALERMO",,"091534219","091532740","02822160822",1,,
145,"FORNO D'ASOLO SPA","VIA MULINO, 3","31010","TREVISO",,,"0423918181","00852810266",1,,
146,"DOLCIARIA FRACCARO SPUMADORO SPA","VIA CIRCONVALLAZIONE OVEST, 25/27","31033","CASTELFRANCO VENETO (TV)",,"0423720530","0423491421","01162650269",1,,
147,"G7 SRL","VIA ROMAGNOLI, 19","40010","BENTIVOGLIO (BO)",,"0516640518","0516640144","01750671206",1,,
148,"GALBUSERA SPA","VIALE OROBIE, 9","23013","COSIO VALTELLINO (SO)",,"0342635069","0342609111","00169350147",1,,
153,"ITALIANA BISCOTTI SRL","VIA NICCOLO COPERNICO, 5","44012","ZERBINATE DI BONDENO (FE)",,"0532892916","0532896195","IT01815530389",1,,
154,"LA VIA LATTEA","VIA ROMA 80/C","02041","CASPERIA (PI)",,"076563578","076563731",,1,,
155,"LEAGEL SRL","STRADA DELLE SERIOLE, 55","47894","CHIESANUOVA (REPUBBLICA DI S.MARINO)",,"0549999477","0549999435",,1,,
156,"A. LOACKER SPA",,"39054","AUNA DI SOTTO (BZ)",,,"0471344000",,1,,
476,"Valle d’Aosta Alimenti s.r.l.","Via Gramsci, 10","10123","Torino",,,"+39.0165.171.000.2","08988510015",1,,
477,"ROCCA TOSCANA FORMAGGI SRL","via Puccini , 79","52100","AREZZO",,,,"02232120515",1,,
478,"ALIBERT SRL - TORTELLINI","V.F.LLI BANDIERA , 30","31022","PREGANZIOL, TV-Italy",,,,"03540910282",1,,
479,"LATTERIA  SOCIALE VALTELLINA SCA","Via Statale Stelvio ,139","23014","DELEBIO (SO), Italia",,,,"00071150148",1,,
481,,,,,,,,"rigoni",0,,
482,"FUDEX  GROUP  SPA - SOCIO UNICO","via Reisera,17","10036","SETTIMO T.SE (TORINO), ITALIA",,,,"06570130010",1,,
483,"NUOVA CASTELLI e CAIRATI S.P.A.","via Don Luigi Sturzo, 10","20081","ABBIATEGRASSO (MI)",,"94963733","02.9465497","12297110152",1,,
484,"CASTELLI  SPA","via Merano, 17","20020","LAINATE, Milano",,,,"12175870158",1,,
227,"CENTRALE DEL LATTE DI CESENA","VIA VIOLONE DI GATTOLINO, 201","47522","MARTORANO DI CESENA (FC)",,"0547 384897","0547 380292","00143370401",1,,
485,"GIUSTO  FARAVELLI  SPA","V.MEDARDO ROSSO, 8","20159","Milano, Italy",,,,"03224410153",1,,
486,"LEONE  SRL","via Pasubio, 44","37069","VILLAFRANCA DI VR-ITALY",,,,"03970700237",1,,
488,"AIMOS  FOOD  LTD.","103, James Bourchier Blvd.1st Floor","1407","SOFIA, Bulgaria",,,,"BG201662382",0,,
489,"Argenti Italian Food s.r.l.","Via Mastrodicasa 252","06134","Ponte Felcino (PG)",,,"075 691152","03375140542",1,,
490,"ECOVAL DAIRY TRADE","POSTWEG 50 a","6523 LD","NIJMEGEN, PO BOX 190- THE NETHERLANDS",,,,"NL817335559B01",0,,
494,"TANELLI ELIO SRL","VIA DELLE BATTAGLIE SNC","25017","LONATO DEL GARDA (BS)",,,,"02831430984",1,,
495,"BASSO  SEBASTIANO  SRL","via Vittime del Vajont,21","31031","CAERANO DI S.MARCO-TV",,,,"IT00786860262",1,,
496,"HOOGWEGT CHEESE B.V.","Groningensingel, 1","6835 EA","ARNHEM , Olanda",,,,"NL817485983B01",0,,
497,"GERIS   BV","JAN TOOROPSTRAT 3A","5753","DK DEURNE",,,,"NL819271160B01",0,,
498,"RAINBOW  SRL","via Breda,55 A","29010","MONTICELLI D'ONGINA-PC,ITALY",,,,"IT04339340269",1,,
501,"SAN SILVESTRO SS.SOC.AGR.","VIA MOLZA, 1906","41018","SAN CESARIO SUL PANARO (MO), ITALY",,,,"02828960365",1,,
502,"CEREALVIT   SRL","via Grandi,22","20060","TRUCCAZZANO, Mi-Italie",,,,"09139490156",1,,
503,"BERTONI SRL","via E.Dalai, 17","42045","LUZZARA, RE",,,,"IT01238960353",1,,
505,"PASTIFICIO BOLOGNESE SRL","Via Cà dell'Orbo Nord, 13","40055","Villanova di Castenaso (BO)",,,,"02219931207",1,,
508,"Agricola Tre Valli Società Cooperativa a R.L.","Via Valpantena 18/G","37142","Verona",,"059447380","059447218","02447620234",1,,
509,"VECCHIO VARZI SRL","Via Castelletto, 11","27057","Varzi, PV",,,,"01780320188",1,,
511,"ALBERT  SRL","V.SAN ZUANE 4/A","31059","SCANDOLARA di Zero Branco (TV), Italy",,,,"01595020270",1,,
513,"GASTRONOMICA ROSCIO SRL","VIA MADONNINA, 32","27018","VIDIGULFO (PV)",,,,"01112270184",1,2,
514,"FOOD MILK SRL","V.PANEBIANCO,293-Zona Industriale Pianolago","87050","Figline Vigliaturo (Cosenza),Italy",,,,"03266170780",1,,
515,"PASTIFICIO VALLEORO SRL","VIA DELLE VALLI, snc","04011","APRILIA, Italy",,,,"12964291004",1,,
516,"SALUMIFICIO ALIPRANDI","Via Mandolossa 25","25064","GUSSAGO (BS)",,,,"IT03162330173",1,,
226,"AGRISOLE SRL CASEIFICIO","VIA FONTANELLE, 81","80051","AGEROLA (NA)",,"081 8731022","081 8731022",,1,,
517,"SALUMIFICIO PANZERI SRL","VIA ROGANTI","23020","PROSTO PIURO (SO)",,,,"IT00770170140",1,,
518,"Azienda Agricola “Il Mulino” di Enrico Codara","Frazione San Martino 167-177","17044","Stella (SV)",,,,"IT00663510097",1,,
519,"Diano Latte S..R.L.","Via Mautoni 11","84038","Sassano, SA",,,"+39 0975 72502","04077060657",1,,
520,"Melkrichting Kruishoutem (MIK) NV","Hoogstraat 25","B-9770","Kruishoutem (Belgium)",,"+32(9)333 93 94","+32(9)333 93 99","BE 0411107873",0,,
521,"DIE  KAESEMACHER  GMBH","Europastrasse, 5","3902","VITIS, Austria",,,,"ATU 57460928",0,,
522,"DIMITAR MADJAROV - 2 LTD.","3,''ILYO VOIVODA'' STR.","4000","PLOVDIV, BULGARIA",,,,"BG 115033847",0,,
523,"FORGRANA CORRADINI SPA","V. 200 BIOLCHE, 6","42016","GUASTALLA,RE-ITALY",,,,"00141480350",1,,
525,"IMP.EX. CARRARO SRL","VIA VENEL, 10/12","31010","CIMADOLMO (TV) , ITALY",,,,"00806980264",1,,
526,"TRIMAS  ILIAS  &  CO","2 VEAKI Str.","42100","TRIKALA, Greece",,,,"997829044",0,,
527,"SOALCA SRL","Via Cerrani, 13 B","66016","Pretorio (CH)",,,,"01500850696",1,,
528,"CAPOFERRI FORMAGGI S.n.c. di Capoferri Aldo & C.",": P.zza Umberto I, n.2","24060"," Adrara San Martino (BG), Italy",,,,"00922830161",1,,
529,"CANTI E ROSSI SRL","V.Arturo Chiari, 18- 44 – 46 – 48","52100","AREZZO, ITALY",,,,"01562300515",1,,
530,"Elenka spa - Industria Derivati Naturali","Via Partanna Mondello, 46","90147"," Palermo, Italy",,,,"02822160822",1,,
532,"PRAMSTRAHLER SRL","Frazione Prato All'Isarco","39050","Fiè Allo Sciliar (BZ)",,,,"IT01711630218",1,,
535,"AROMATAGROUP SRL","Via C. Romani, 35","20091","BRESSO (MI)",,,"0039 84186511","01563600152",1,,
536,"BIO AUSTRIA OO HANDEL & DIENSTLEISTUNG GMBH","Aug Der Gugl, 3","4020","Linz",,,,"ATU68377259",0,,
537,"TITAN  SERVICE  San Marino","Via Lorenzo Tabellione n.1","47891"," Rovereta- Repubblica di San Marino",,,,"SM 03334",1,,
539,"Frabes S.p.A.","via XXV Aprile, 2","25038","Rovato (BS) , Italie",,,," 02387990985",1,,
540,"Montalbano Industria Agroalimentare S.p.A.","Via Gerbamaggio, 14","51035","51035 Lamporecchio (PT)",,,,"01275600474",1,,
541,"CASEIFICIO GHIDETTI S.r.l.","VIA VIVALDI, 201","37050","ISOLA RIZZA (VR)",,,,"02360280230",1,,
542,"SALUMIFICIO F.LLI BERETTA SPA","TREZZO SULL ADDA","22056",,,,,"IT00208950139",1,,
543,"GROUPE LACTALIS Etablissement ACHAT LAIT","10 à 20 rue Adolphe Beck","53089","LAVAL CEDEX 9",,,,"FR0H331142554",0,,
544,"BRIOIS SAS","Zi de l'Alouette Rue Francois Jacob","62800","LIEVIN-France",,,,"Fr 61441388881",0,,
232,"TORRONALBA SRL","LOC. CATENA ROSSA, 13","12040","PIOBESI D'ALBA (CN)",,"0173 286813","0173 361140","00244870044",1,,
548,"S.A.S.  PHILIPPE CHARRIER","Allés des Sapins","44483","CARQUEFOU, cedex France",,,,"FR 14 322 396896",0,,
551,"IANNINO SRL","V.ROMA snc","02010","Castel Sant'Angelo-RIETI, Italy",,,,"00949850572",1,,
553,"SALUMIFICIO MOTTOLINI","VIA LOZZONI 5","23030","POGGIRIDENTI",,,,"IT00622710143",1,,
555,"BURRIFICIO ENRICO CRESPI SAS","v.Regina Margherita,9","20853","S.Giorgio di Biassono MB",,,,"00762880961",1,,
556,"SOLAR  FARM  SOC., AGR.","V.Brigata Ebraica, 50","48123","MEZZANO, RAVENNA",,,,"02369250390",1,,
557,"PASTE ALIMENTARI FRESCHE Brema Group Srl","v.Fornace,20","35010","S.Pietro in GU/PD-Italia",,,,"02384270282",1,,
558,"PERNIGOTTI SPA","V.le della Rimembranza, 100","15067","NOVI LIGURE (AL),ITALY",,,,"00151520061",1,,
559,"SALUMIFICIO NINO GALLI SPA","VIA S.ANNA","28881","CASALE CORTE CERRO (VB)",,,,"IT00861400034",1,,
560,"BOME' SRL","VIA AL BEN 3/G","38085","PIEVE DI BONO - PREZZO (TN)",,,,"IT00369120225",1,,
561,"RONDANINI SRL","via E.Curiel, 35","20020","BUSTO GAROLFO - MI",,,,"03842320164",1,,
562,"CARIONI FOOD & HEALTH SRL","V.DESGIOI, 5","26017","TRESCORE CREMASCO",,,,"01615070198",1,,
563,"DINO CORSINI SRL","VIA G.BRODOLINI 4","40050","Loc.Crespellano Valsamoggia BO ITALY",,,,"01722521208",1,,
564,"MARIO COSTA S.P.A.","Via dell'Industria, 26 - Località Orfengo","28060","CASALINO (NO)",,,,"IT00120480033",1,13,
565,"Caseificio Zanoletti S.s.a.","STRADA GANDINE 21","25016","GHEDI (BS)",,,,"03391540170",1,,
566,"EMME ERRE S.R.L. UNIPERSONALE","Via M. Micheli, 7","25124","Brescia",,,,"03933040986",1,,
568,"B2B INTERTRADE GMBH","Ludwig -Erhard- Allee 20","D-33719","BIELEFELD Germany",,,,,0,,
569,"JOMI SPA","viale degli Aranci 33","80067","SORRENTO - NA",,,,"IT02898800657",1,,
570,"CRASTAN SPA","Via Maremmana , 24-Zona industriale GELLO","56025","PONTEDERA ( PISA ) Italy",,,,"IT00424920502",1,,
571,"CASEIFICIO VALCORNO SRL","Via della Cooperazione 39","33030","Coseano (UD)",,,,"02841740307",1,,
572,"Rinner Alexander & Co. SAS Rinner","via Principale, 58","39021","Laces (BZ)",,,,"IT01192160214",1,,
573,"Suincom SPA","Str.Comunale del Cristo 12/14","41014","Castelvetro di Modena",,,,"IT00995820362",1,,
574,"I Fratelli Emiliani SPA","via Don Corchia","43013","Langhirano (PR)",,,,"IT00699040341",1,,
577,"DOLCIARIA CASA SNC","VIA PER CASALE, 28","10038","VEROLENGO-TO, ITALY",,,,"02257360012",1,,
578,"ZANETTI SPA","Via Madonna, 1","24040","LALLIO ( BG ) - Italy",,,,"00373690163",1,,
580,"BESTMILK SP. Z O.O","Ul.Twarda 18/11","00-105","WARSZAWA, Poland",,,,"PL 5170276608",0,,
238,"TORINOGELATO S.R.L.","VIA DELL'ARSENALE, 41","10121","CASTELFRANCO VENETO (TV)",,"011 19710163","011 19710163","10699660014",1,,
581,"CASEIFICIO CAMPIOTTI & C.","via Villanuova, 12 fraz. Ludriano","25030","ROCCAFRANCA - BS,Italy",,,,"IT00637360983",1,,
582,"PROSCIUTTIFICIO LEONARDI SRL","Via Fondovalle 2955","41054","Merano su Panora (MO)",,,,"IT01832550360",1,,
584,"Caseificio Sociale Manciano Soc. Agr. Coop.","Loc Piano di Cirignano - Podere Fedeletto","58014","58014 - Manciano (GR)",,,,"00080580533",1,,
585,"KARNETA Gmbh","Suedring 334","3020","Klagenfurt Austria",,,,"ATU40848008",0,,
586,"healthy planet GmbH","Borsigstr. 15","D-65205","D-65205 Wiesbaden, Germany",,,,"DE 241 320 600",0,,
587,"TREVISANALAT S.p.A.","via Roma 111/109 - 31023 Resana (TV)","31023","Resana (TV), Italie",,,,"07552090966",1,,
590,"PASTIFICIO STROPPA s.r.l.","Via Sardegna, 38/42","38/42","20090 Fizzonasco di Pieve Emanuele (MI)",,,,"IT03611370960",1,,
592,"Kaskat Sp. z o.o.","HUSARSKA STREET,10","66-400","GORZOW,WLKP-POLAND",,,,"PL 599 24 15 208",0,,
593,"PAPPABUONA.COM SRL","Via Bertolini Donnino, 29","29122","PIACENZA",,,,"IT01406300333",1,,
594,"XCHANCE  ITALIA  SRL","Viale G.Marconi , 9","25088","25088 Toscolano Maderno (BS) , Italie",,,,"03708420983",1,,
596,"PLU.GI. Srl","VIA PRIVATA UMBERTO FRACCHIA, 6","20125","MILANO",,,," IT07114100964",1,,
597,"Pastificio Rana S.p.A.","via Pacinotti, 25","37057","37057 San Giovanni Lupatoto (Verona) Italy",,,,"01397480235",1,,
598,"HOCHREITER FLEISCHWAREN GMBH","KOMUNESTR.1","4190","BAD LEONFELDEN",,,,"ATU58071589",0,,
599,"DAIRY HUB sp. z o.o.","Pl. Inwalidów","10 01-552","01-552 Warsaw- Poland",,,,"PL5252762829",0,,
602,"LAKTOS a.s.","Nová cesta , 17","  140 00","Prague 4",,,,"CZ 26460726",0,,
603,"SC MARGARITA FORMAGGI SRL","Calea Marasesti nr. 171 – BACAU (ROMANIA)",,"Calea 6 Vanatori nr. 55 – 310161 ARAD (ROMANIA)",,,,"RO30153715",0,,
606,"LA COTTURA DI POLONI SRL","VIA BALICCO, 3","24057","MARTINENGO",,,"3388310327","03469340164",1,,
609,"SALUMI VIDA SAS","Via dei Laghi, 28","33040","Torreano (UD)",,,,"02955260308",1,,
611,"CASEIFICIO F.LLI NOBILI S.R.L.","Via Enrico Fermi, 13","35030","Sarmeola di Rubano (PD)",,,,"00227840287",1,,
239,"BRAVO SPA","VIA DELLA TECNICA, 5","36075","MONTECCHIO MAGGIORE (VI)",,"0444 499333","0444 707700","01331990240",1,,
612,"NUOVA LATTE VENETO","via campagnol, 568/b",,"SALIZZOLE VERONA",,,,"04628640239",1,,
613,"Caseificio Madonna delle Grazie S.n.c.","Contrada Crocevie, 6-97015 Modica (Rg)","97015","97015 Modica (Rg), Italy",,,,"00405350885",1,,
614,"CASEIFICIO MONTEGRAPPA SRL","Via Giare,5","31017","Crespano del Grappa (TV)",,,,"03937270266",1,,
616,"PAGANONI SRL","Via Omobono Cenini, 19","23030","Chiuro (SO)",,,,"IT00583060140",1,,
618,"MORGANTE SRL","Via Aonedis,3","33038","San Daniele del Friuli",,,,"00050970318",1,,
619,"Ets. Freddy Baines","St. Katelijnevest 54","2000","2000 Antwerpen (Belgium)",,,," BE 0404815048",0,,
620,"SARGRA SRL","Località Possilva","07047","THIESI (SS)",,,,"01692180902",1,,
621,"Sára MT s.r.o","	A.Stodolu 5205/25","03601 Martin"," Martin- Slovenská Republika",,,,"SK2121163187",0,,
622,"Sára MT s.r.o","A.Stodolu 5205/25-03601 Martin",,"03601 Martin- SK",,,,"SK2121163187",0,,
623,"Poggio del Farro srl","Via PIETRAMALA-Mazzetta 670/A","50033","50033 Firenzuola (FI) – Italia",,,,"05703770486",1,,
624,"QORES SRL","Via Olona , 73","20015","PARABIAGIO -- MILANO",,,,"09718140966",1,,
626,"NORBALAT SRL","Via Dell’ulivo, 5","70014","Conversano (Ba)",,,,"06768590728",1,,
627,"CASEIFICIO TOSCANO SRL","VIA ARCHIMEDE 42","57027","SAN VINCENZO (LI)",,,,"01602830539",1,,
630,"I.P.A.S. S.r.l.","Via Privata San Giorgio n.1","20866","20866 Carnate (MB) - Italia",,,,"PI 03076120967",1,,
631,"LATTERIA MONTANARI SRL","VIA AQUILEIA, 2","34070","34070 VILLESSE (GO)",,,,"P.I. 01168180311",1,,
632,"Zoogamma S.p.A.","Strada Borgosatollo 5/A - 25016 Ghedi (BS) Italy","25016","Ghedi (BS) Italy",,,,"02439330230",1,,
634,"CENTRALE DEL LATTE D'ITALIA SPA","VIA FILADELFIA 220","10137","TORINO",,,"011 3240220","IT01934250018",1,,
635,"KONDOV ECOPRODUCTION LTD.","LIUBOTRAN STREET, 9","1407","SOFIA / BULGARIA",,,,"BG110003234",0,,
636,"ÓVÁRTEJ Zrt.","Alkotmány utca 15","9200","9200 Mosonmagyaróvár- HU",,,,"HU 11467807",0,,
637,"CITTÀ DEL GELATO S.r.l.","Via Tommaso Fiore, 3","70015","70015 Noci (BA)",,,,"07378410729",1,,
638,,,,,,,,,1,,
240,"ALMAR DRINK & FOOD SRL","VIA CILEA 21/23","20093","COLOGNO MONZESE (MI)",,"02 2532935","02 2547777","IT07312830966",1,,
644,"RIGAMONTI SALUMIFICIO SPA","VIA STELVIO 973","23020","MONTAGNA IN VALTELLINA (SO)",,,,"00079510145",1,,
645,"Leguna GmbH","Bahnhofstraße 2,","A-5270"," Mauerkirchen",,,,"ATU81201469",0,,
647,"Sperikotta s.a.s. di G. D'Agostino & C.","Via Seneca, 7","92020","San Biagio Platani (Agrigento) Italy",,,,"02089980847",1,,
648,"FOODMILK SRL","Zona Industriale Pianolago","87050","87050 Figline Vegliaturo(CS)",,,,"03266170780",1,,
650,"CHOCOLITALY SRL","Via San Carlo, 9- 20008 BAREGGIO (MI) - ITALY","2008","BAREGGIO (MI) - ITALY",,,,"08281980964",1,,
651,"ZARPELLON",,,,,,,,0,,
653,"Industria Latticini G. Cuomo","Via delle Scienze, 6","04011","04011 Aprilia (LT), Italy",,,,"00082440595",1,,
654,"Casearia Albi Snc,di Albi Alfonso e Francesco","Via Verde, 37030 Velo Veronese VR, Italy","37030","Velo Veronese VR, Italy",,,,"02852160239",1,,
655,"REPARO SRL","VIA DANTE ALIGHIERI,  7","07012","BONORVA (SS), ITALIA",,,,"01852180908",1,,
656,"SONCINI ESTONIA OU","NARVA MNT 5","10117","TALLINN",,,,"EE101970961",0,,
657,"RUMI DAIRY INTERNATIONAL","RUE DE LA CORDERIE - CENTRA 312","94586","RUNGIS CEDEX",,,,"FR49712025279",0,,
658,"QUALIA LACTEOS,  SL","Ctra. de Puertollano, s/n","13580","Almodóvar del Campo (Ciudad Real) , SPAIN",,,,"B13122122",0,,
660,"YEP SRL","VIA MARIO PONZIO 7","27100","PAVIA - ITALY",,,,"02691750182",1,,
661,"BRISTOT S.R.L.","VIA DI FUGNANO 20","53037","SAN GIMIGNANO SI",,,,"01334600523",1,,
664,"Gelinova Group Srl","Via XXV Luglio, 8","31028","31028 Vazzola TV",,,," 03762010266",1,,
665,"BIANCHINI SRL","via C. Marx 36/44","51035"," Lamporecchio (PT) Italy",,,,"01738000478",1,,
667,"URIEK -2001 LTD.","2, CHERVENA SKALA STR.","2850","2850 PETRICH (BLAGOEVGRAD)",,,,"BG101566098",0,,
668,"Zerodue S.r.l.","via Giacinto Bruzzesi 37","20146","MILANO",,,,"02559660036",1,,
669,"LATTERIA VESUVIANA SRL","VIA M.C. ROMERO, 65","80048","80048 SANT'ANASTASIA (NA)",,,,"0472175121",1,,
671,"BURRO E FORMAGGI GIOVE SRL","V.LOBEFARO, 2","70029","  SANTERAMO IN COLLE, BARI",,,,"06884860724",1,,
672,"WINCO Tecnologie Alimentari srl","via Adige 10/A,","26034","26034 - Piadena (CR), Italy",,,,"03896070988",1,,
673,"Pasticceria Veneta s.r.l","Via Risorgimento, 66","30010","Pegolotte di Cona (VE)",,,,"02762600274",1,,
674,"BMB SRL","Via Muzza Spadetta, 43","40053","Bazzano 40053 
Valsamoggia (BO) Italy",,,,"03629581202",1,,
241,"FRUCTITAL SRL","VIA CIRCONVALLAZIONE, 20","10060","BURIASCO (TO)",,"012156597","012156587","05588570019",1,,
676,"DEA  Società Benefit SRL","Loc. La Valle, snc","01035","01035 GALLESE ( VT ),",,,,"IT01817240565",1,,
677,"ADG shpk","Fshati BishqethemAutostrada Lushnje-Fier,",,"Lushnje-Albania.",,,,"K33804402L",0,,
679,"GRUPPO GRIFO AGROALIMENTARE SOC.AGR.COOP.","Strada Comunale de' Loggi 59","06135","PERUGIA",,,,"00162070544",1,,
680,"EMILIA srl","VIALE ORIANI N31","40137","40137 BOLOGNA",,,,"08766741212",1,,
681,"Scaldis Food BV","Stationsstraat 5","4571","4571 LA Axel, NL",,,,"NL 858512440B01",0,,
682,"COMPRITAL S.P.A.","Via Verdi, 53","20049","20049 SETTALA MI",,,,"07635090157",1,,
683,"LATTERIE  RAGUSANE  SPA","VIA DEL RIALE, 24  C/O CAPRARA","20015","PARABIAGO, MILANO",,,,"12932820967",1,,
684,"LM COMMERCE S.R.L.","Piazza G. Matteotti,7","80133","80133 Napoli,    Italy",,,," 08499321217",1,,
685,"FORMAGGERIA TOSCANA S.r.l.","Via D'Oratoio, 63","56121","56121 Pisa (PI), ITALY",,,,"02125920500",1,,
686,"FRANCIACORTA CREME S.P.A.","via MANDALOSSA ,80","25064","GUSSAGO",,,,"00944740174",1,,
687,"PERLA ALIMENTARE S.R.L","VIA ARDICHETTO SN"," 95019"," 95019 ZAFFERANA ETNEA CT IT",,,,"02670560875",1,,
688,"BRUSA SRL","Via Ferruccio Nazionale, 3","13900","BIELLA, ITALY",,,,"00219460029",1,,
689,,,,,,,,,1,,
691,"BASA FOOD S.R.L.","VIA VINCENZO GIOBERTI 8","20100","20100 MILANO (MI)",,,,"09565170967",1,,
693,"Sfoglia Torino srl","via Nevizzano 8,","14021","14021 Buttigliera d'Asti (AT) Italia",,,," 02275840011",1,,
694,"Ambra Chocolate srl","Corso Bra 105",,"12051 Alba (CN), Italy",,,,"04028630046",1,,
695,"Mazzoleni S.p.A.","Via Stezzano, 87 Edificio A2/3","24126","24126 Bergamo (BG)",,,," 02918700168",1,,
696,"TONIOLO   CASEARIA S.P.A.","VIA MOLINETTO 47","31030","BORSO DEL GRAPPA",,,,"01217950268",1,,
697,"Astorino Casearia Srl","C.da Brego - Zona Industriale","87010","87010 FRASCINETO (CS)",,,,"00892130782",1,,
698,"ADILACTA, Lda.","Zona Industrial s/n","6370-128","6370-128 Fornos de Algodres PORTUGAL",,,,"PT504664581",0,,
699,,,,,,,,,0,,
701,"VEGELAND BV","Münsterstraat 11","7575 ED","7575 ED Oldenzaal, THE NETHERLANDS",,,,"NL817204532B01",0,,
702,"Bebis s.r.o.","Dukelska 1455, Brandys nad Labem","1455","Stara Boleslav, Czech Republic",,,,"CZ17466717",0,,
703,"ARGIOLAS FORMAGGI SRL","S.P. 14 N° 3/5.","09041","09041 DOLIANOVA (CA) , ITALIA",,,,"00100640929",1,,
243,"G&P CENTER SRL","VIA OROBIA, 26","20139","MILANO",,"02 56804318","02 56814412","04415340969",1,,
244,"VITALFOOD","VIA CAVOUR, 10","24066","PEDRENGO (BG)",,"035 663814","035 654911","01515520169",1,,
74,"CONSORZIO LATTERIE VIRGILIO","Viale della Favorita, 19","46100","MANTOVA",,,,"00157100207",1,,
90,"CONSULENZE COMMERCIALI",,,,,,,,1,,
91,"MOSER SRL","STEIN, 17","39025","NATURNO (BZ)",,,,"00213820210",1,,
58,"AMALTEA SRL","Via Giacomo Puccini 14/A","20028","San Vittore Olona (MI)",,"0331 1839745","338 8021360","05767530966",1,,
491,"TIME SRL","ss 126 km 95, zona ind PIP","09036","Guspini , VS",,,"389 0214960","02399320908",1,,
16,"COMAL SRL"," Via Dante Alighieri 470","45030","SALARA (RO)",,"059 677474","059 677390","IT01585540360",1,,
118,"ALINOR SPA","VIA VITTORIO VENETO 1/C","26010","RIPALTA CREMASCA (CR)",,"037383473","0373 259587","00399410190",1,,
117,"FATTORIA LISCHETO","STRADA PROVINCIALE DEL MONTE VOLTERRANO","56048","VOLTERRA (PI)",,"058830403","058830414","01563100500",1,,
173,"MANSOUR GROUP","EL RAS EL SODA",,"ALESSANDRIA D'EGITTO",,"03 5051611","03 5051600",,0,,
432,"Casafadda 1886 Tradizioni A Tavola Srl","Reg. Possilva, 3","07047","Thiesi",,,,"02492520909",1,,
158,"MANTUA GROUP","VIA MARCONI, 24","46032","CASTELBELFORTE (MN)",,"0376258083","037625901","00151920204",1,,
367,"CASEIFICIO VALLEVERDE","VALLEVERDE  Via Molise, 191","86021","Bojano (CB",," 0874773528","0874782205","00150770709",1,,
369,"CASEIFICIO Soc. GARDALATTE S.c.a.","Località Cassetta, 4- S.S.11","25017","Lonato (BS)",,"030 9132795","030 9913664","00553330986",1,,
414,"Greenfields Ireland Limited","123/137 York Street,","BT15 1AB","Belfast, United Kingdom",,"+44 28 9032 6375","+44 (0)28 9024 7448",,0,,
375,"IBERDIGEST s.l.","Ap.de Correos,9","17740","Vilafant, Girona",,"+ 34 972 55 44 95","+ 34 972 55 59 80",,0,,
378,"Biscottificio Scapigliati","Via G.di Vittorio 8","50063"," Figline Valdarno (FI)",,"+39.055 9157533","+39.055 9155471","05857370489",1,,
47,"FORMA TRADING SRL","V. Ponchielli, 6","20063","Cernusco sul Naviglio",,"0292111909"," 02 92111906","08433070961",1,,
49,"MIGLIORA SRL","Viale del lavoro, 69-71 - Fraz. Ponte","36021","Barbarano Vicentino",,,"39 0444795 148","03819640248",1,,
370,"DI.EMME.CI. Dolciaria s.n.c.","via Incerti 1","10069","Villar Perosa (To)",,"0121-315400","0121-515222",,1,,
373,"COOP AGRICOLA Produttori Latte Val d'Orcia","Via Val D'Orcia 15","53040","Contignano (SI)",,"0578 52085","0578 52012"," 00054490529",1,,
281,"Arla Foods GmbH","Wahler Str. 2","40472","Düsseldorf",,"+49 0211/47231-66","0049 021147231-0","DE119369293",0,,
379,"Can illa, s/n, nave A"," apdo. Correos 111","08530","La Garriga (Barcelona)",,,"Tel. 93 871 84 03",,0,,
382,"Cleca S.p.A.","Viale Dante, 30","46010","San Martino dall’Argine (MN)",,,,"00395030208",1,,
390,"CONSULTING TRADING CO.","PIAZZA GRAMSCI, 4 E","42035","CASTELNOVO NE' MONTI (RE)",,"0522 729599","0522 611811",,1,,
343,"CASEIFICIO DELL'ALTA LANGA SRL","Corso Vittorio Emanuele II n.","10121","Torino (TO)",,"+39 0173 85.42.13","+39 0173 85.41.74","07435090019",1,1,
45,"CIRESA SRL","Via V. Emanuele, 62","23815","Introbio (LC) Valsassina",,"39.0341.981.294","39.0341.980.540","00206690133",1,1,
374,"IFB - IMPROVEMENT FOR BUSINESS","Yakut Sitesi No. 44B D:4","34750","Atasehir-Istanbul",,"+90-216-5768112","+90-216-5768111",,0,,
380,"Uelzena eG","Im Neuen Felde 87","29525","Uelzen",,,,,0,,
398,"CERBIATTO DUE SRL","Via di Tor Cervara 266","00155","Roma",,"06 2284410","06 2281615","01524411004",1,,
310,"EDEN GIROLDI (Broker)",,,,,,,,1,,
404,"Italian Dairy Products","Hamriyah Free Zone Phase II","PO BOX 50932","FZC",,"009716 5269042","009716 5269042",,0,,
408,"SAVIOLA S.P.A.","Via Arini, 42","46012","Bozzolo (MN)",,"+39 0375 310319","+39 0375 313411","00460330202",1,,
372,"Boogaard International bv","Postbus 537","5400 AM","Uden- NL",,"+31 413 25 71 56"," +31 413 25 71 12","NL803544601B01",0,,
415,"ANTARES SRL","Via Milano, 99/D","25086","Rezzato     BS",,"030/6577303","030/6857327","03288960986",1,,
4,"CASEIFICIO SEPERTINO SNC","VIA REALE NORD, 2","12030","MARENE (CN)",,"0171742211","0172742575","IT02294590043",1,,
96,"CENTRO LATTE BONIZZI SRL","VIA BERGAMO, 6","26029","SONCINO (CR)",,"037485995","037485521","00833090194",1,,
480,"Ind. Cas. Silvio Belladelli srl","Via Pasubio, 49","37069","Villafranca Di Verona (VR)",,"045 6333884","045 6304786","00222880239",1,,
139,"CASTELLANI SRL","VIA CAVALIERI DI MALTA, 11","34015","MUGGIA (TS)",,"0409236112","040232619","00970110326",1,,
176,"ESKIGEL S.R.L.","V.A. VENZETTI, 11","05100","TERNI",,,,,0,,
124,"PAJE SRL","B.TA GISCHIA VILLA, 3","10094","GIAVENO (TO)",,"0119379507","0119363724",,1,,
201,"CASEIFICIO IL FIORINO","LOC. PAIOLAIO","58100","ROCCALBEGNA (GR)",,"0564 989067","0564 989059","01188980534",1,,
236,"OASI'S COMMERCIALE","VIA MAESTRI DEL LAVORO, 17","30034","GAMBARARE DI MIRA VENEZIA",,"041 5679413","041 5675032","02344530270",1,,
245,"GELSPRESSO","VIA DELL'INDUSTRIA, 5","17038","VILLANOVA D'ALBENGA (SV)",,"0182 1971051","0182 1976139",,1,,
100,"ALBERTI LATTE","LOC. ARIBAGA, 1","18027","PONTEDASSIO (IM)",,"0183279465","01835791","00067680082",1,,
180,"CABRIONI BISCOTTI SRL","via Monte Portola,15","42033","CARPINETI (Reggio Emilia)",,,,"01177530357",1,,
204,"CASEIFICIO PRO-LAT","VIA BRANACCIA 42/A",,"FERRUCCIA ALGLIANA (PT)",,"0574 711468","0574 711468",,1,,
186,"CEREALVIT SRL","VIA GRANDI, 22","20060","TRUCCAZZANO (MI)",,"0295838394","029583798","09139490156",1,,
252,"MULINO ALIMENTARE SPA CON SOCIO UNICO","VIA FORTUNATO RIZZI 9/A","43126","BAGANZOLA (PR)",,"0521 602690","0521 602611","01685240341",1,,
237,"PASTICCERIA EMILIANA","VIA EMILIA EST, 859","41121","MODENA",,"059 270030","059 360320","03349720361",1,,
101,"LATTE TRENTO SCA","VIA MONACO, 5","38121","SPINI DI GARDOLO (TR)",,"0461956132","0461960848","00122380223",1,,
120,"ARRIGONI BATTISTA S.P.A.","VIA MORENGO, 31","24040","PAGAZZANO (BG)",,"0363382088","0363381666",,1,,
188,"CONSORZIO NATURA E ALIMENTA","VIA CIRCONVALLAZIONE, 4","10060","AGLIE' (TO)",,"0121341221","0121341167","08689830019",1,,
150,"G.I. GELATI SRL","VIA W. MANZOTTI 11/F","42122","LOCALITA ROCANDELLA (RE)",,"0522598332","0522348551","02294770355",1,,
207," ZONETTI LUIGI, ENNIO & C. SRL","VIA ROMANA, 7","00017","NEROLA (RO)",,"0774 644742","0774 683021","01707771000",1,,
246,"TOSCHI VIGNOLA SRL","VIA GENOVA, 244","41056","SAVIGNANO SUL PANARO (MO)",,"059 772591","059 768711","02160850364",1,,
253,"TFA SRL TRASFORMAZIONE FORMAGGI ALIMENTARI","PIAZZA GIUSTI, 437/2","51015","MONSUMMANO TERME (PT)",,"0522 245513","0522 247568","02146190356",1,,
268,"FRATELLI ABARIBI SRL","Via Moie, 12",,"Bovezzo (BS)",,"030 2097191","030 2010603","02347590982",1,,
359,"Cognitive Food Ingredients FZE","#709, Shams Al Quraidi Building",,"Abushagara, Sharjah, UAE",,,,,0,,
121,"AZIENDA AGRICOLA CASCINA CORTENUOVA","STRADA RIVOLTANA KM 16","20060","TRUCCAZZANO (MI)",,"0295838495","029583007",,1,,
152,"IPSA SPA","CD.DA RUFIANO, 29","63072","CASTIGNANO (AP)",,"0736821924","0736821921","00354930448",1,,
208,"MARTARELLI FORMAGGI S.R.L.","VIA ALESSANDRO VOLTA, 1/3","60020","CAMERATA PICENA (AN)",,"071 9470019","071 946060","02355820420",1,,
189,"SARCHIO SPA","VIA DEI BARROCCIAI, 42","41012","CARPI (MO)",,"0596550508","059658511","01353270364",1,,
247,"G.M. PICCOLI SRL","VIA G. D'ALZANO, 70","24022","ALZANO LOMBARDO (BG)",,"035511112","0354289610",,1,,
254,"SVILA SRL CON SOCIO UNICO","VIA C.BATTISTI, 55","62039","VISSO (MC)",,"0737 95440","0737 972811","00866911001",1,,
92,"DANIEL S.GATTEGNO & SON S.A.","15th KLISTENHOUS STR. (6th FLOOR)","10552","ATHENS, GREECE",,"0030 2103221858","0030 2103211857","EL 095012070",0,,
108,"CASEIFICIO FIANDINO SRL","VIA TERMINE, 25",,"VILLAFALLETTO (CN)",,"0171930177","0171930014","00164230047",1,,
122,"TOMASONI F.LLI SNC","VIA ROMA, 30","25023","GOTTOLENGO (BR)",,"0309518147","030951007","01846290987",1,,
170,"SOLO ITALIA SRL","VIA FRATELLI CERVI, 41","20010","OSSONA (MI)",,"0290380655","0290380651","10483210158",1,,
128,"PERENZIN LATTERIA SRL","VIA CERVANO, 85","31020","S.PIETRO DI FELETTO (TV)",,"043821355","043821355","02352870261",1,,
210,"F.LLI PINNA INDUSTRIA CASEARIA SPA","VIA F.LLI CHIGHINE, 9","07047","THIESI (SS)",,"079 886724","079 886009","00061150900",1,,
255,"AMBROSI SPA","VIA DEI PONTICELLI, 1","25014","CASTENEDOLO (BS)",,"030 2733121","030 2134811","00842710170",1,,
276,"FUDE + SERRAHN MILCHPRODUKTE GMBH&CO KG","Englishe Planke, 2","20459","Hamburg",,"0049 040 300 88 500","0049 040 300 88 300","DE813279619",0,,
277,"TARGET POLSKA SP Z.O.O. Sp. K","ul. Gwiazdzista 15 A lok 403","01651","Warsaw",,"0048 22 8560 4301","0048 22 560 43 00","PL5130131766",0,,
439,"CENTRALE DEL LATTE D'ITALIA S.p.A","via Filadelfia 220","10137","Torino",,"011.3240300","011.3240215","01934250018",1,,
126,"LATTERIA DI SOLIGO SOC. AGR. COOPERATIVA","VIA 1° SETTEMBRE, 32","31020","SOLIGO (TV)",,"0438980322","0438985111","00178340261",1,,
211,"SARDAFORMAGGI","VIA TRENTO, 10",,"OLBIA",,"0789 23054","0789 21657","00043350909",1,,
130,"VALSOIA SPA","VIA ILIO BARONTINI 16/5","40138","BOLOGNA",,"051248220","0516086800","04176050377",1,,
278,"MONTANARI E GRUZZA SPA","Via Newton, 38","42124","Gaida (RE)",,"0522 944129","0522 944251","00142660356",1,,
419,"Caseificio Defendi Luigi s.r.l.","Via Francesca","24043"," Vidalengo di Caravaggio, Bergamo",,"+39 0363 595998","+39 0363 305076","01627260167",1,,
282,"GRIESSON- DE BEUKELAER GMBH & CO","August-Horch-Str. 23","56751","Polch",,"+49 2654 401","+49 2654 401","DE149246227",0,,
111,"LIDERLAT SRL","A.I. PONTE Z/2","82100","BENEVENTO",,"0824319460","0824319428","00921070629",1,,
129,"STELLA BIANCA SPA SOCIO UNICO","VIA SANTA ROSA, 5","26816","OSSAGO LODIGIANO (LO)",,"037187037","037187781","01633850159",1,,
192,"LA BOSSOLA","V. RACCONIGI, 206",,"CARMAGNOLA (TO)",,,"011 19907295","08761660011",1,,
256,"FAYREFIELD FOODS LTD","ENGLESEA HOUSE, BARTHOMLEY ROAD","CW1 5UF","CREWE (CHESHIRE)",,"+44 (0)1270582269","+44 (0)1270589311","GB 1639747",0,,
633,"SARA MT s.r.o.","Novákova 554/6","03601"," Martin- Slovenská Republika",,,,"SK2121163187",0,,
279,"INDUSTRIE ROLLI ALIMENTARI SPA","Galleria Bassa dei Magnani, 3","43100","Parma (PR)",,"0521 232449","0521 220629",,1,,
285,"CENTRALE DEL LATTE DI BRESCIA SPA","VIA LA MARMORA, 189","25124","BRESCIA",,,,"03341930174",1,,
273,"KERR FRANCE","Rue August Blanqui","59431","Halluin Cedex",,"+33 03 20 28 90 02","+33 03 20 28 90 00",,0,,
196,"COOPERATIVE FORMAGGI E SARDEGNA","CORSO UMBERTO I, 180","08015","MACOMER (NU)",,"0785 72438","0785 72716","01265230910",1,,
216,"FERRUCCIO PODDA SPA","EX SS. 131 KM","09028","SESTU (CA)",,"070 22513","070 22058","00144120920",1,,
302,"NEWLAT SPA","v.John Fitzgerald Kennedy ,16","42124","REGGIO EMILIA, Italy",,,,"00183410653",1,,
284,"RONCADIN SPA","Via Monteli, 3","33092","Meduno (PN)",,"0427 554601","0427 844111","01610130930",1,,
290,,,,,,,,,1,,
291,"CASERA MONACI SRL","Via Clanezzo 2/b","24031","ALMENNO SAN SALVATORE (BG)",,,,"02898140161",1,,
422,"INTERGRANA SRL","via Pietro Nenni n. 20","43012","Fontanellato (Parma)",,"0521 824745","0521 822079","01956010340",1,,2
5,"CERRI SRL","VIA BALOCCO 4","13040","BURONZO (VC)",,"0161.851494","0161851140","IT00037000023",1,1,2
258,"BALOCCO SPA","Via S.Lucia, 51","12045","Fossano (CN)",,"0172 653470","0172 653411","00312060049",1,,
295,"INTERFOOD POLSKA SP.ZO.O.","UL.MADALINSKIEGO 20/1C","02513","WARSZAVA, POLONIA",,,,"5262385104",0,,
286,"EILERS & WHEELER (UK) Ltd","112 Tooley Street","SE1 2TH","London",,"0044 (0)207407 2788","+442079399209",,0,,
266,"BONIFANTI","Via Vigone, 51","10068","Villafranca Piemonte (TO)",,"011 9800549","011 9800718","01819580992",1,,
299,"CASEIFICIO VILLA SRL","VIA ISEO, 52","25030","ERBUSCO (BS)",,,,"IT00595390980",1,,
300,"BIOTEC FERMENTI SRL","VIA VENEZIA, 2","27100","PAVIA (PV)",,,,"01415310182",1,,
301,"BIONDO ARCANGELO","Contrada Paternella","90049","TERRASINI (PA)",,,,"IT04680740828",1,,
311,"D'APICE CONSULTING","Via orazio 49","39100","BOLZANO",,,,"02460790211",1,,
267,"PASTICCERIA SCARPATO","Via Olmetto, 27",,"Villa Bartolomea (VR)",,"0442 637300","0442 637311","01665600233",1,,
410,"Lácteos Martínez SL - Queso Los Cameros","C/ Los nogales, 55","26200","Haro, La Rioja (Spain)",,"+34 941 304 709"," +34 941 310 940",,0,,
401,"LEONTEUS S.R.O.","Venturska 3","81101","Bratislava",,,"+421 917 090 724","SK2022914025",0,,
427,"DIANOCASEARIA SPA"," Via Cavarelli, 5","84038"," Sassano - Sa",,"0975-72571","0975 – 728008","03491390658",1,,
640,"ÓVÁRTEJ ZRT.","9200 Mosonmagyaróvár , Alkotmány utca 15","9200","9200 Mosonmagyaróvár-HUNGARY",,,," HU 11467807",0,,
425,"Dalter Alimentari Spa","via Val d'Enza 134"," 42049","Sant'Ilario d'Enza(RE)",,"+39 0522 673690","+39 0522 901101","00509530358",1,,
430,"Basso Sebastiano s.r.l.","Via Bassanese, 84","31010","Maser TV Italia",,"+39 0423.546195","+39 335.7812088","00786860262",1,,
487,"Giaveri Cheese s.r.l.","via S. M. Davanzo 82","31030","San Bartolomeo di Breda di Piave (TV)",,,"3478226311","04774830261",1,3,
403,"BAULI SPA","Via Verdi, 31","37060","Castel d'Azzano (VR)",,"045 852 1166","045 828 8311"," 01233790235",1,,
411,"GIORDANO SRL","via Raspagna, 80","28047","Oleggio (NO)",,"+39.0321.93.362","+39.0321.91.133",,1,,
110,"TREVISANALAT SPA","VIA ROMA, 111","31023","RESANA (TV)",,"0423480081","0423 480281","07552090966",1,,
533,"IMCD Italia S.p.A."," Centro Leoni– Ed. A Via Giovanni Spadolini 5","20141","20141 Milano",,,,"03525700153",1,,
588,"RISPO FROZEN FOOD s.r.l.","Via Lima, 48","81024","81024 Maddaloni (CE) - Italy",,,,"02641800616",1,,
437,"GIACOMO DI MULO"," Via Etna 9","95020","Aci Bonaccorsi (CT)",,,"095 7900355","04246890877",1,,
1,"ALIVAL SPA","VIA PORRIONE 118/122","51019","PONTE BUGGIANESE (PT)",,"0572932462","0572932411","11412360965",1,,4
441,"CASEIFICIO PALENI","V.SAN LORENZO IN CAVELLAS","24060","CASAZZA (BG)",,,,"02708950163",1,,
431,"Caseificio Seggiano Srl","Via Privata","58038","Seggiano (GR)",,"0564.950319","0564.950034","00991330523",1,,
354,"Fattoria Scaldasole S.r.l.","Via Donizetti, 7","22040","Monguzzo (CO)",,"+39 031 6149710","+39 031 6149739","02872290131",1,1,
18,"AURICCHIO SPA","VIA DANTE, 27","26100","CREMONA (CR)",,"0372 403350","0372 403311","IT01037330196",1,1,
469,"SALCIS  SAS  DI MORBIDI A & C.","Loc.Pian del Casone, str.Prov. Colligiana,33","53035","MONTERIGGIONI (SI),Italy",,,,"00763720521",1,,
149,"A. GANDOLA & C. SPA","STRADA STATALE, 11","25010","PONTE S. MARCO (BS)",,"0309636403","030963128","00548430982",1,,
320,"SM FORMAGGI S.r.l.","Località San Martino","58025","Monterotondo Marittimo (GR)",,,,"01557240536",1,,
2,"VENCHIAREDO SPA","VIA IPPOLITO NIEVO, 31","33079","RAMELUSCELLO DI SESTO AL RAGHENA",," 0434.690936","0434690333","IT01558410930",1,,
471,"VIGA  SRL","via UMBRIA, 30","80017","MELITO DI NAPOLI (NA), ITALY",,,,"05881461213",1,,
472,"BERTONI  SRL","VIA Circonvallazione Ovest, 20","42045","LUZZARA (RE)",,,,"01238960353",1,,
550,"RASPINI SPA","VIA PISCINA, 73","10060","VIOTTO - TO",,,,"IT03737240014",1,,
37,"PADOVANA MACINAZIONE SRL"," Viale dell'Industria 72 int. 1 ZONA INDUSTRIALE","35129","PADOVA",,"0498077674","0497800325","02003430283",1,,
33,"CEPPARO SPA","Via Cavour, 58","33030","FLAIBANO (UD)",,,,"01413970300",1,,
303,"ZUARINA S.p.A.","Via Cascinapiano, 4","43013","Langhirano (PR)",,"+39 (0)521 858208","+39 (0)521 861355","02035420344",1,,
42,"VALSESIA SRL","Strada Provinciale  Torino-Svizzera","13040","Balocco Crocicchio (VC)",,," 0161858167","01886070026",1,,
35,"AT&B SRL","Via Piero Maffei 530","13836","COSSATO",,,,"IT01938240023",1,,
306,"CASEIFICIO CEIRANO ANTONIO DI CEIRANO GUIDO&C.SNC","V.PRINCIPE AMEDEO,14","12030","SCARNAFIGI (CN)",,,,"01867230045",1,,
312,"SANGUEDOLCE SRL","S.ple Andria - Trani, Km 02","76123"," Andria",,,,"05224460724",1,,
360,"SOC.COOP.CONSORZIO CASEIFICIO DI SORANO SOC.AGR.","LOC.LA FRATTA ,54","58010","SORANO (GR)",,,,"01269450530",1,,
63,"CENTRALE DEL LATTE DELLA TOSCANA SPA","Via dell'Olmatello, 20","50127","Firenze",,,"0554597111","06652120483",1,1,
402,"Caseificio Matteassi Onelio srl","Via di Cortona, 66/a","52045","Foiano della Chiana (Arezzo)",,,,"01711580512",1,1,
11,"COOP. AGRICOLA A.R.L. 8 MARZO","LOC. CA VERDE","37015","S.AMBROGIO DI valpolicella(VR)",,,"0458415354","IT00761910231",1,,
107,"CASEIFICIO CEIRANO -  VILLOSIO SRL","VIA PRINCIPE AMEDEO, 14","12030","SCARNAFIGI (CN)",,"0175274039","017574121","03603970041",1,,
330,"Caseificio Sangiovanni","Via Torlino, 40","26020","Palazzo Pignano (CR)",,,"0373 982551","01041580190",1,,
257,"BURRIFICIO LA GOCCIA BIANCA SRL","Via Ponte,  47/D","80051","Agerola",,"08187310","081 8791282","01430421212",1,3,
22,"MANNONI F.LLI FU PAOLO S.A.S. - Industria Casearia","strada statale, 131 bis km. 4,600","07047","THIESI (SS)",,"079 886 777","079 886 006","00071790901",1,,
93,"PROSCIUTTIFICIO VALSERIO SRL","via Vittorio Veneto 1/M","26010","Ripalta Cremasca (CR)",,,,"00341820199",1,,
443,"DOLCIARIA DALBA SNC","via Adriatica,  15","47043","Gatteo a Mare (FC)",,,,"01551970401",1,,
342,"Caseificio San Carlo S.r.l.","Viale Caduti Del Lavoro, 28","25030","Coccaglio (Bs)",,,,"00639580984",1,,
315,"CASEIFICI ZANI F.LLI SRL","Via San Gervasio, 25","25020","Cigole (Bs)",,,,"00552030983",1,,
70,"RAFFAELE MAIELLO - G.C.M. GRUPPO CASEARIO MERIDION","Via E. De Filippo, 12","80048","SANT'ANASTASIA",,,,"06300381214",1,1,2
451,"UNIONPLUS SRL SOCIETA' UNIPERSONALE","via  G.GALILEI, 10","39100","BOLZANO (BZ)",,,,"10014861008",1,,
453,"M.GUARNIER SPA, GUARNIER CATERING SOC.UNIPERSONALE","VIA DEL BOSCON, 422","32100","BL, ITALY",,,,"BL 00062290259",1,,
262,"MELEGATTI SPA","Via Monte Carega, 23","37057","San Giovanni Lupatoto (VR)",,"045 8951445","045 8951444","00344540232",1,,
119,"3A LATTEARBOREA S.COOP. P.A.","STRADA 14 EST BIS","09092","ARBOREA",,"783800642","783804001","00029780954",1,,
399,"ALPICOM s.r.l.","Via delle Rose 49","36061"," Bassano del Grappa(VI)",,"0424 569156","0424 505484","IT03396290284",1,,
492,"TRIGONA DAIRY TRADE","POSTBUS, 139","NL-6940","AA DIDAM, PAESI BASSI",,,,"NL804572057B01",0,,
324,"I BuonaTavola Sini","PIAZZA A. MANCINI 4","00196","ROMA",,,"0761 571052","08532781005",1,,
499,"SALUMIFICIO SOSIO SRL","piazza Santo Stefano, 6","20122","MILANO",,,,"00656770146",1,,
500,"SOCIETA' AGRICOLA GHIARONI SS.DI GIULIO E CLAUDIO","VIA SGHINOLFI,27","40011","ANZOLA EMILIA (BO),ITALY",,,,"02316571203",1,,
198," BUSTI FORMAGGI SPA","VIA GUGLIELMO MARCONI, 13 A/B","56043","ACCIAIOLO FAUGLIA (PI)",,"050 659057","050 650565","01227380506",1,,
504,"DITTA GAMBA EDOARDO DI PIERLUIGI GAMBA S.R.L.","Via Giuseppe Mazzini, 105","24018","Villa d'Almè Bergamo, Italia",,,,"00105020168",1,,
507,"PLAC Produttori Latte Associati Cremona S.C.a.","v. Ostiano, 70","26043","Persico Dosimo (CR), Italy",,,,"00114170194",1,,
263,"GALUP  SRL","Via Fenestrelle, 32","10064","Pinerolo (TO)",,"0121 71334","0121 322227","00479660011",1,,
579,"SC MARGARITA FORMAGGI SRL","Caela 6, Vanatori 55","310161","ARAD- ROMANIA",,,,"RO 30153715",0,,
105,"ARTELATTE SRL","VIA GUART DI LUINCIS, 75/B","33025","FRAZIONE LUINCIS - OVARO (UD)",,"0433471360","043360168","01429320300",1,1,2
17,"L'ANTICA CASCINA SRL","Via Campo dei Fiori, 2","47100","FORLI'",,"0543 796721","0543 722442","IT01321920405",1,,
222,"CAROZZI FORMAGGI SRL","VIA PROVINCIALE 14/B","23818","PASTURO (LC)",,"0341 955297","0341 955173","02614560130",1,1,2
134,"BARENTZ SERVICE SPA","VIA PRIVATA GOITO, 8","20037","PADERNO DUGNANO (MI)",,"0299500092","02 99050404","IT 05 01 5600967",1,,
462,"Centrale Laitière Vallée d’Aoste srl","Fraz. La Cure de Chevrot, 11","11020","Gressan ( AO )",,"+39 0165.25.12.28","+39 0165.18.53.228","01064320078",1,3,
95,"CASEIFICIO PUGLIESE SPA","Via E. Elia, 10","10020","Lauriano",,"0119146496","01112173100","04443400017",1,3,
506,"Coop. Fattoria della Piana Società Agricola","Contrada SOVERETO, snc","89020","CANDIDONI (Reggio Calabria), italy",,,,"01425780804",1,,
97,"CENTRO LATTE BRESSANONE SOC.AGR. COOP- BRIMI","VIA BRENNERO, 2","39040","VARNA (BZ)",,"0472271399","0472271300","00099750218",1,2,
467,"Caseificio Artlatte Srl","Via Giacomo Puccini, 1816","55016","Porcari,  Lucca",,,"0583 211195","01642780462",1,1,
512,"ARIES PASTERIA SRL","V.Margherita Albertini Govone, 22","31020","VIDOR (TV), Italy",,,,"04819570260",1,,
448,"LATTERIA E CASEIFICIO MORO SRL","	Via Postumia, 28/1","31045","Motta di Livenza (Treviso)",,,"0422 768734","00302410261",1,1,2
649,"S.C. LACTITALIA S.R.L.","IZVIN.RECAS-DN6-FN-307343-TIMIS","307343","TIMISOARA, ROMANIA",,,,"RO 16260562",0,,
524,"Bakoma Sp. z o.o.","ul. Połczyńska 97a","01-303","Warszawa",,"0048 46-86-40-540","0048 46-86-14-584","8370000812",0,,
57,"EGIDIO GALBANI SRL","Via Flavio Gioia, 8","20149","MILANO, Italy",,,,"11412360965",1,,
94,"CASTLE DAIRY S.A.","Rue de Rémersdael 105/107","4852","4852 PLOMBIERES - Belgium",,,,"BE 0716.633.228",0,,
595,"QR Ingredients Srl","via Roma, 116 via G. Falcone","20873","Cavenago di Brianza (MB",,,,"06687850963",1,,
601,"RUCHOC B.V.","Koekkoeksedijk 14","4761","4761 PJ ZEVENBERGEN, NETHERLANDS",,,,"NL802621636B01",0,,
604,"Reggiana Gourmet srl","Via G. Ferraris, 3 - Z.I.","42011","42011 Bagnolo in Piano (RE),ITALY",,,,"02592260356",1,,
605,"Milkada sp. z o.o.","ul. Stawki 2A lokal U2/02/02-B","00-193","00-193 Warszawa, Poland",,,,"PL5252625819",0,,
607,"Cheese Production CPG GmbH","Scharmühlwinkel 20","A - 4030","A - 4030 Linz",,,,"ATU73971516",0,,
608,"Natural World S.r.l.","Via R. Jacchia 8, 48022","48022","Lugo -RA- ITALY",,,,"01330360395",1,,
615,"CASEIFICIO TOMASONI SRL","Via Bovon 3","31030","Breda di Piave (TV)",,,,"02430550265",1,,
428,"EUROPOMELLA SPA","Strada ASI,7","03013","FERENTINO, FR- Italy",,,"0775 223982","IT02316000609",1,,
552,"LA TRINACRIA DALLI CARDILLO SPA","Via UNITA' D'ITALIA, 88","92100","AGRIGENTO, SICILY-ITALIE",,,,"02278110842",1,,
554,"CENTROFORM","C/DA VANELLE","94010","AIDONE (EN)- SICILY, Italy",,,,"00473650869",1,,
435,"NEXTY 20 SRL","C.So Vittorio Emanuele, 30","20122","MILANO",,,,"08454820963",1,,
340,"LA GIUNCA' DISTRIBUZIONE SRLs","via Circonvallazione","13025","Fobello (VC)",,,,"03505330120",1,,
567,"Caseificio F.lli Castellan Srl","Via sottotreviso 45","31047","Ponte di Piave (TV)",,,,"02021620261",1,,
409,"Latticini Molisani Tamburro s.r.l."," 	C.da Crocella, 2","86011","Baranello ( CB )",,"0874 460 760"," 	0874 460 077 / 83","00895100709",1,,
538,"BOUVARD ITALIA SPA","Via Noemi Nigris,26","33034","33034 Fagagna (Ud) Italy",,,,"02042090304",1,,
510,"SOLE-MIZO  Zrt.","SZEGED","6728","BUDAPEST ut.6- Ungheria",,"+36 62 569 036","+36 62 569 000","HU17781767",0,,
53,"BIOALLEVA SRL","Via C. Colombo, 1","37030","Vago di Lavagno (VR)",,,"390458980943","03030240232",1,,
32,"DALLATORRE DOROTEA SRL","Via De San Gioan, 5 - 38010 Ville d’Anaunia TN","38010","Ville d’Anaunia (TN)",,,,"00253230221",1,,
531,"ALIMILK SRL","VIA MONTE GRAPPA 78","28100","28100 NOVARA
2810
28100 NOVARA NO
0 NOVARA NO",,,,"02283180038",1,,
545,"LUIGI ZAINI SPA","via C.Imbonati, 59","20159","MILANO, Italy",,,,"00868710153",1,,
546,"MORISCO DOLCIARIA","v. Borgo Vicenza, 111","35013","CITTADELLA/ PD, Italy",,,,"03821790379",1,,
547,"ALPHA TRADING COMPANY","Mr. van Coothstraat 9","5141 EP","WAALWIJK",,,,"NL003335665B01",0,,
549,"CASELLA BURRO SRL","V. BALILLA, 7/B","26036","Rivarolo del Re (CR)",,,,"00830350195",1,,
575,"IDO Ingredient Dairy Optimization","Rue Philippe Lebon , 46","35000","Rennes, Francia",,,,"FR34802342071",0,,
576,"Eredi Angelo Baruffaldi S.r.l.","Via Roma, 32","28060","Castellazzo Novarese  (NO)",,,,"00876500034",1,,
162,"PALUANI SPA","VIA DELL'ARTIGIANATO, 18","37062","DOSSOBUONO (VR)",,"0458600160","0458614411","00232080234",1,,
652,"B&B Corporation Srl","Via dell’industria 50","25030","ERBUSCO (BS) Italy",,,,"02728310984",1,,
534,"Del Fiore GmbH","Floßergasse,  2","81369"," München, Germany 
 80469 München",,,,"DE285277730",0,,
589,"VAN LEE melkprodukten
barneveld bv","Parmentierstraat 6
3772 MS BARNEVELD","3772","3772 MS BARNEVELD,NL",,,,"NL803258811B01",0,,
583,"WEERRIBBEN ZUIVEL BV","Veldhuisweg 9, 8362 VB  Nederland (ov.)","8362","Nederland- The Netherlands",,,,"NL855336493B01",0,,
591,"Finck Ghee GmbH","Gräfin-Monika-Str.31","88367","88367 Hohentengen, GERMANY",,,,"DE291365842",0,,
639,"La Lanterna Srl","Via Ventotene,4","40017","40017 S. M. Decima – BO",,,,"00690271200",1,,
429,"LACTO PRODUCTION (=LACTO FOOD)","ZI La Brohinière","F- 35360","Montauban de Bretagne, France",,,"00332 99 61 79 12","FR57441610557",0,,
643,"Cantarelli S.p.A.","Viale Duca Alessandro 90","43123","PARMA (Italy)",,,,"IT 00331730341",1,,
394,"Balconi S.p.A. 
Industria Dolciaria","Via XX Settembre, 51","20014"," Nerviano (MI)",,,,"IT07461160967",1,,
646,"TEDESCO SRL","Via dell'Innovazione Tecnologica, 4","06019","Z.I. Pierantonio - Umbertide -PG, ITALY",,,,"02097480517",1,,
250,"VALCOLATTE SRL","VIA FIRENZE, 15","29010","LOC. VALCONASSO, PONTENURE (PC)",,"0523 510404","0523 511820","01830250336",1,,
113,"PARMALAT SPA","Via Delle Nazioni Unite n. 4","43044","COLLECCHIO (PR), Italia",,"0521808322","05218081","IT-04030970968",1,,
617,"FOODCOM SA","Przyokopowa 31, Crown Square building 7 floor","01-208","WARSAWIA-POLAND",,,,"PL5213680286",0,,
642,"Fiordaliso Rappresentanze srls","Via lavagnini, 36"," 51031","PISTOIA, Italy",,,,"01948130479",1,,
678,"SPECCHIETTO SRL","C.da Monferrato snc","97012","Cchiaramonte Gulfi -Rg",,,,"01297410886",1,,
659,"LATTERIA  MORTARETTA  SRL","42046 Reggiolo (RE) Italia","42046","Via Cattanea, 66",,,,"00543760359",1,,
308,"GAMBINO IND.ALIM.SPA","Via.Don Luigi Sturzo, Z.I.","90044","CARINI (PA)",,,,"04558740827",1,,
294,"GRANAROLO SPA","Via Cadriano 27/2","40127","BOLOGNA",,,,"04119190371",1,,
663,"P.I.K.K.O DOOEL SKOPJE","STR.1523 NO.5,S.GORNO LISICE",,"01000 - REPUBLIC OF NORTH MACEDONIA",,,,"4030001413628",0,,
666,"GERIT LATTE s.r.l.","via Giustiniano, 30","04100","Latina (LT) 04100, Italy",,,,"02863840597",1,,
662,"Grandi Pastai Italiani Spa","Via Sant' Orsola 2/A","42015","42015 Correggio (RE) - Italia",,,,"IT02249360351",1,,
670,"Società Ingredienti e Additivi - S.I.A. Srl","Via Lavoratori Autobianchi 1, Edif. 13/E","20832","20832 Desio (MB)",,,,"IT 12336530154",1,,
265,"UNIGRA' S.P.A.","Via Gardizza, 9/b","48017","Conselice (RA)",,"0545 85061","0545 989511","02403240399",1,,
675,"BEPPINO OCCELLI I FORMAGGI SRL","via Stazione,5 - Loc.PRELLA 65/B","12060","12060 Farigliano (CN)",,,,"IT02076400049",1,,
692,"2745  Kőröstetétlen","Abonyi u. 2.",,"UNGHERIA",,,,"10637959-2-44",0,,
323,"Azienda Casearia Caponera S.r.l.","Via Casalone, 262","06034","Colfiorito",,,,"01866280546",1,,
151,"GOLDIM spol. s r.o..","Michelska 18/12a","140 00","140 00 Prague 4 (CZ)",,"+420381504276","+420381521281","CZ47117885",0,,
610,"Alta Tuscia Formaggi Srl","S.S. Umbro Casentinese Km 9,0","01022","01022 BAGNOREGIO (VT)-Italy",,,,"13106200150",1,,
13,"Gelato d'Italia – Indian S.r.l.","VIA DELL' INDUSTRIA, 52","42025","CAVRIAGO (RE)",,"39 0522 941108","39 0522 941195"," 00914530357",1,,
383,"Prontofoods S.p.A.","via Grazia Deledda, 43","25018","MONTICHIARI - BS, Italia",,,,"00297190175",1,,
600,"Ekolat d.o.o.","Goriška cesta 11,","5271","5271 Vipava, Slovenija.",,,,"SI29419646",0,,
628,"BALOCCO SPA INDUSTRIA DOLCIARIA","V.SANTA LUCIA, 51","12045","FOSSANO, CN- ITALY",,,,"IT00312060049",1,,
629,"Ausnutria Dairy Ingredients B.V.","Hammerweg 25,","7731","7731 AH Ommen, The Netherlands",,,,"NL856806171B01",0,,
161,"NUTKAO SRL","Via A. De Gasperi 2/RSTU","12040","Fraz. Canove - 12040 Govone",,"0173621260","0173621211","01552270041",1,,
